time_s,ax,ay,az,pitch,roll,yaw
0.0096,484,-132,16656,-1.66,-0.45,0.05
0.0228,872,-208,16224,-3.08,-0.73,0.11
0.0359,664,-184,16524,-2.30,-0.64,0.14
0.0488,896,-204,16512,-3.11,-0.71,0.16
0.0604,612,-184,16820,-2.08,-0.63,0.18
0.0718,444,-60,16336,-1.56,-0.21,0.20
0.0850,36,32,16636,-0.12,0.11,0.24
0.0964,176,-88,16684,-0.60,-0.30,0.30
0.1081,336,-8,16568,-1.16,-0.03,0.36
0.1212,508,-180,16768,-1.74,-0.62,0.43
0.1326,424,-220,16988,-1.43,-0.74,0.48
0.1442,512,-180,16416,-1.79,-0.63,0.53
0.1570,212,-280,17032,-0.71,-0.94,0.55
0.1687,360,-304,17072,-1.21,-1.02,0.59
0.1800,348,-212,16860,-1.18,-0.72,0.64
0.1930,552,-244,16924,-1.87,-0.83,0.71
0.2043,732,-288,16960,-2.47,-0.97,0.76
0.2159,608,-272,16992,-2.05,-0.92,0.80
0.2289,900,-280,16276,-3.16,-0.99,0.80
0.2401,452,-332,17188,-1.51,-1.11,0.80
0.2516,540,-336,16348,-1.89,-1.18,0.79
0.2643,200,-380,16792,-0.68,-1.30,0.76
0.2760,844,-592,16648,-2.90,-2.04,0.73
0.2874,652,-312,17116,-2.18,-1.04,0.70
0.3003,780,-192,16672,-2.68,-0.66,0.67
0.3117,900,-212,16968,-3.04,-0.72,0.67
0.3232,1080,-268,16924,-3.65,-0.91,0.67
0.3363,728,-188,16768,-2.49,-0.64,0.70
0.3477,876,-132,16720,-3.00,-0.45,0.73
0.3590,992,-248,17256,-3.29,-0.82,0.78
0.3721,1260,-320,16464,-4.38,-1.11,0.80
0.3836,912,-364,17136,-3.05,-1.22,0.80
0.3951,1228,-336,16696,-4.21,-1.15,0.80
0.4079,744,-288,16912,-2.52,-0.98,0.80
0.4196,700,-336,16516,-2.43,-1.17,0.82
0.4309,508,-300,16652,-1.75,-1.03,0.85
0.4439,904,-420,16600,-3.12,-1.45,0.91
0.4553,1464,-484,16336,-5.12,-1.70,0.93
0.4670,1416,-596,16868,-4.80,-2.02,0.90
0.4785,1408,-684,17240,-4.67,-2.27,0.82
0.4917,1212,-792,17120,-4.05,-2.65,0.69
0.5032,796,-780,17272,-2.64,-2.59,0.59
0.5148,988,-580,16536,-3.42,-2.01,0.50
0.5260,1040,-360,16236,-3.66,-1.27,0.44
0.5391,1292,-356,16252,-4.54,-1.25,0.42
0.5509,1500,-280,16496,-5.19,-0.97,0.44
0.5624,1944,-224,16136,-6.87,-0.80,0.48
0.5740,2344,-300,16360,-8.15,-1.05,0.48
0.5871,1820,-416,16452,-6.31,-1.45,0.45
0.5986,1576,-440,16560,-5.43,-1.52,0.43
0.6103,1772,-584,16572,-6.10,-2.02,0.38
0.6218,1252,-412,16976,-4.22,-1.39,0.34
0.6350,1376,-364,16596,-4.74,-1.26,0.31
0.6465,1424,-268,16776,-4.85,-0.92,0.28
0.6581,1560,-196,16908,-5.27,-0.66,0.25
0.6699,1472,-272,16752,-5.02,-0.93,0.22
0.6829,1536,-456,17140,-5.12,-1.52,0.16
0.6967,756,-368,17188,-2.52,-1.23,0.09
0.7081,608,-264,16484,-2.11,-0.92,0.04
0.7198,1140,-528,16216,-4.02,-1.86,-0.03
0.7328,1652,-692,16456,-5.73,-2.41,-0.12
0.7445,1720,-728,16640,-5.90,-2.51,-0.24
0.7561,1164,-932,17048,-3.90,-3.13,-0.35
0.7679,1084,-728,16624,-3.73,-2.51,-0.45
0.7809,1548,-592,16952,-5.21,-2.00,-0.58
0.7934,1732,-816,16344,-6.04,-2.86,-0.76
0.8049,1536,-956,16496,-5.31,-3.32,-0.97
0.8165,1092,-836,16532,-3.77,-2.89,-1.22
0.8293,1816,-1284,17944,-5.76,-4.09,-1.50
0.8409,2176,-1208,16960,-7.29,-4.07,-1.84
0.8527,3536,-1608,17100,-11.63,-5.37,-2.34
0.8647,3832,-1316,16884,-12.75,-4.46,-3.04
0.8785,3396,-1360,16660,-11.48,-4.67,-3.97
0.8921,3172,-948,17180,-10.45,-3.16,-4.76
0.9042,3884,-384,15340,-14.20,-1.43,-5.32
0.9159,6200,188,13400,-24.83,0.80,-5.77
0.9318,7564,448,14636,-27.32,1.75,-6.43
0.9436,8916,-484,14264,-31.99,-1.94,-6.97
0.9558,8080,-664,15644,-27.29,-2.43,-7.63
0.9690,9232,-832,15012,-31.55,-3.17,-8.26
0.9811,9012,-220,13860,-33.03,-0.91,-8.73
0.9931,8864,192,12760,-34.78,0.86,-9.05
1.0051,9788,120,11300,-40.90,0.61,-9.28
1.0186,12100,-28,11160,-47.31,-0.14,-9.56
1.0303,13120,12,11148,-49.65,0.06,-9.85
1.0424,12260,-940,13072,-43.09,-4.11,-10.23
1.0547,12300,-812,11944,-45.78,-3.89,-10.63
1.0672,12428,-424,11908,-46.21,-2.04,-11.11
1.0806,11920,-432,10940,-47.43,-2.26,-11.57
1.0929,11636,-328,10284,-48.52,-1.83,-11.93
1.1049,12352,328,8940,-54.09,2.10,-12.20
1.1169,13788,616,8180,-59.25,4.31,-12.45
1.1293,15872,424,8052,-63.07,3.01,-12.78
1.1427,16156,300,8948,-61.01,1.92,-13.31
1.1548,15128,492,8808,-59.75,3.20,-13.85
1.1667,13224,888,7216,-61.20,7.02,-14.33
1.1791,13124,1620,6652,-62.45,13.69,-14.60
1.1918,15040,1860,4316,-72.65,23.31,-14.78
1.2079,16032,1284,6280,-68.21,11.56,-15.15
1.2206,16644,1336,5780,-70.38,13.01,-15.56
1.2332,15692,1508,5972,-68.57,14.17,-15.93
1.2481,16000,1680,4108,-74.50,22.24,-16.22
1.2622,15692,2112,3588,-75.14,30.48,-16.46
1.2749,16996,2028,2732,-78.68,36.59,-16.61
1.2874,16220,1960,1732,-80.84,48.53,-16.86
1.2999,15308,620,5428,-70.36,6.52,-17.04
1.3123,18096,40,6688,-69.72,0.34,-17.25
1.3281,17444,648,4032,-76.82,9.13,-17.54
1.3406,16184,1748,3388,-76.74,27.29,-17.76
1.3532,15064,1616,2020,-80.26,38.66,-18.02
1.3659,13968,2008,2740,-76.33,36.24,-18.16
1.3799,16248,1408,488,-84.76,70.88,-18.07
1.3927,16328,1764,1280,-82.40,54.03,-17.95
1.4051,16908,1496,2188,-81.09,34.36,-17.87
1.4176,17140,1168,944,-84.99,51.05,-17.87
1.4302,16528,1420,616,-84.65,66.55,-17.84
1.4441,16124,1404,-236,-84.95,99.54,-17.80
1.4590,16712,1184,-148,-85.92,97.13,-17.74
1.4714,15904,1248,-1284,-83.58,135.81,-17.71
1.4842,17644,456,-3304,-79.30,172.14,-17.55
1.4981,14852,1720,-2700,-77.84,147.50,-17.38
1.5109,16780,1648,-3276,-77.67,153.30,-17.23
1.5238,15472,2320,-3784,-73.99,148.49,-17.15
1.5371,15924,2580,-3660,-74.29,144.82,-17.11
1.5496,16432,2276,-5196,-70.95,156.35,-17.05
1.5637,16172,2208,-4224,-73.58,152.40,-16.97
1.5760,17440,1904,-5012,-72.91,159.20,-16.95
1.5909,16652,1808,-4952,-72.43,159.94,-16.99
1.6037,16040,1868,-3896,-74.92,154.38,-17.01
1.6177,14744,2056,-2848,-76.60,144.17,-17.01
1.6301,12944,2448,-2964,-73.46,140.45,-16.75
1.6429,12748,3016,-3884,-68.91,142.17,-15.90
1.6554,14772,2472,-6116,-65.94,157.99,-14.76
1.6683,15608,1800,-2708,-78.23,146.39,-13.44
1.6823,16100,80,828,-87.04,5.52,-12.06
1.6988,14732,-560,4828,-71.74,-6.62,-10.31
1.7110,15692,-896,3348,-77.55,-14.98,-8.86
1.7235,16108,-1812,3316,-76.80,-28.65,-7.43
1.7375,15088,-1416,4792,-71.68,-16.46,-5.96
1.7498,14616,-2596,8232,-59.44,-17.50,-4.83
1.7620,14352,-3796,12272,-48.17,-17.19,-3.82
1.7743,14420,-4760,13672,-44.89,-19.20,-3.02
1.7867,13240,-3320,11384,-48.15,-16.26,-2.29
1.7992,9368,-2204,10592,-40.89,-11.75,-1.58
1.8131,6940,-2388,12768,-28.11,-10.59,-0.72
1.8254,6528,-2964,15188,-22.87,-11.04,0.09
1.8380,5808,-2808,15776,-19.92,-10.09,1.04
1.8506,5312,-2940,16184,-17.90,-10.30,2.08
1.8628,6684,-3304,18344,-19.73,-10.21,3.14
1.8752,7340,-2908,16532,-23.62,-9.98,4.18
1.8910,3308,-2024,17356,-10.72,-6.65,5.42
1.9048,564,-1804,16456,-1.95,-6.26,6.44
1.9162,364,-1976,17168,-1.21,-6.57,7.25
1.9275,-120,-2328,17344,0.39,-7.64,8.00
1.9391,236,-2640,19336,-0.69,-7.77,8.67
1.9523,360,-2284,16996,-1.20,-7.65,9.29
1.9638,-4032,-1132,16220,13.93,-3.99,9.68
1.9758,-5364,-652,14536,20.24,-2.57,10.04
1.9882,-6568,-1332,15252,23.22,-4.99,10.43
2.0005,-6844,-1376,16984,21.88,-4.63,10.89
2.0131,-5240,-1380,16944,17.13,-4.66,11.32
2.0268,-7372,104,15624,25.26,0.38,11.73
2.0391,-6916,140,14976,24.79,0.54,12.14
2.0516,-7860,-20,14668,28.19,-0.08,12.55
2.0641,-7292,-88,14460,26.76,-0.35,12.93
2.0763,-8184,-364,13804,30.65,-1.51,13.26
2.0887,-9584,-112,14444,33.56,-0.44,13.54
2.1023,-9676,216,11836,39.26,1.05,13.85
2.1146,-10548,292,12708,39.69,1.32,14.19
2.1267,-10728,244,11832,42.19,1.18,14.60
2.1390,-10768,464,10976,44.43,2.42,14.96
2.1514,-11304,532,12204,42.78,2.50,15.21
2.1634,-11272,648,10912,45.88,3.40,15.37
2.1794,-12216,448,10144,50.27,2.53,15.47
2.1914,-12852,284,10300,51.28,1.58,15.47
2.2037,-13472,516,9704,54.20,3.04,15.50
2.2157,-14692,644,8896,58.74,4.14,15.55
2.2282,-14204,1036,8152,59.95,7.24,15.62
2.2417,-15172,1008,8568,60.38,6.71,15.70
2.2538,-15124,1044,6748,65.70,8.79,15.79
2.2662,-15732,1344,5476,70.28,13.79,15.88
2.2790,-15488,764,5892,69.01,7.39,15.97
2.2912,-15616,1068,5188,71.26,11.63,16.07
2.3039,-15976,1440,4784,72.63,16.75,16.26
2.3179,-16832,2468,4376,73.38,29.42,16.56
2.3307,-15336,2140,3048,76.35,35.07,16.83
2.3432,-16136,1804,4348,73.74,22.53,17.03
2.3558,-15740,1672,4432,73.25,20.67,17.25
2.3683,-16304,1616,3672,76.18,23.75,17.44
2.3845,-16288,1996,1584,81.11,51.56,17.74
2.3973,-14288,1736,720,82.51,67.47,17.99
2.4097,-15920,2248,-152,81.94,93.87,18.25
2.4224,-16844,2220,1064,81.68,64.39,18.56
2.4349,-16888,1948,1364,81.98,55.00,18.87
2.4476,-16888,2072,2360,79.47,41.28,19.17
2.4617,-14372,1312,2048,80.39,32.64,19.42
2.4741,-15176,1768,540,83.05,73.02,19.58
2.4867,-16300,2336,-1412,80.49,121.15,19.78
2.5039,-16704,2912,-3956,73.61,143.64,20.16
2.5167,-16372,2860,-1804,78.33,122.24,20.53
2.5305,-15848,1828,380,83.28,78.26,20.83
2.5433,-15640,1648,132,83.97,85.42,21.03
2.5558,-16388,2552,-2140,78.51,129.98,21.17
2.5684,-16244,2636,-2572,77.23,134.30,21.31
2.5810,-15864,2788,-2616,76.45,133.18,21.42
2.5937,-16128,2972,-2760,75.88,132.88,21.51
2.6078,-16220,3236,-2488,75.87,127.55,21.62
2.6200,-15532,2716,-1408,78.86,117.40,21.67
2.6347,-16896,2396,-532,81.73,102.52,21.67
2.6473,-15900,2464,-1492,79.73,121.20,21.70
2.6598,-16248,2776,-2012,78.08,125.93,21.76
2.6745,-17012,2880,-2500,77.36,130.96,21.78
2.6884,-17568,3036,-2032,78.25,123.79,21.78
2.7011,-16328,2464,-516,81.24,101.83,21.76
2.7138,-15056,2352,-1128,80.17,115.62,21.73
2.7262,-16136,2988,-1840,77.73,121.62,21.75
2.7389,-15340,2732,-1788,77.98,123.20,21.80
2.7513,-16200,2608,-1540,79.41,120.56,21.80
2.7638,-16272,2792,-1264,79.33,114.36,21.72
2.7797,-15652,2592,-2252,77.63,130.98,21.61
2.7925,-15364,2932,-2444,76.05,129.81,21.54
2.8050,-15216,3096,-2740,74.80,131.51,21.54
2.8174,-14156,2412,-2308,76.73,133.74,21.48
2.8301,-16552,2532,-284,81.25,96.40,21.31
2.8425,-16236,2352,-24,81.76,90.58,21.14
2.8568,-17016,2112,688,82.56,71.96,20.90
2.8693,-17524,2136,676,82.71,72.44,20.69
2.8820,-17724,2448,796,81.74,71.99,20.50
2.8945,-17216,2404,748,81.68,72.72,20.35
2.9068,-16704,2372,1244,80.89,62.33,20.27
2.9194,-15688,2640,2088,77.89,51.66,20.22
2.9319,-14968,2880,732,78.77,75.74,20.09
2.9492,-15012,2308,3556,74.23,32.99,19.68
2.9617,-16536,2116,3200,76.94,33.47,19.23
2.9745,-17664,1520,6164,70.23,13.85,18.70
2.9870,-16072,992,7292,65.40,7.75,18.20
2.9996,-15008,1248,5904,68.10,11.94,17.76
3.0121,-13824,2068,5768,66.09,19.72,17.37
3.0263,-12820,2104,6024,63.54,19.25,16.95
3.0390,-13512,1440,7728,59.81,10.56,16.52
3.0515,-13892,1296,9376,55.73,7.87,16.03
3.0638,-13344,1276,8920,55.97,8.14,15.50
3.0759,-13768,1208,9568,54.99,7.20,14.93
3.0877,-12872,924,9688,52.91,5.45,14.36
3.0998,-12268,1032,10612,49.01,5.55,13.72
3.1152,-11548,1212,11104,45.95,6.23,12.89
3.1277,-10096,748,13536,36.68,3.16,12.24
3.1401,-8860,292,14460,31.49,1.16,11.50
3.1522,-10788,648,14596,36.44,2.54,10.72
3.1646,-10728,604,13824,37.79,2.50,9.94
3.1765,-9456,988,12748,36.48,4.43,9.23
3.1888,-8344,1100,13024,32.55,4.83,8.62
3.2022,-5948,268,15532,20.95,0.99,8.05
3.2145,-3764,-8,16872,12.58,-0.03,7.48
3.2267,-3344,144,16188,11.67,0.51,6.83
3.2385,-3080,468,15796,11.03,1.70,6.18
3.2504,-3584,992,14916,13.48,3.80,5.54
3.2625,-2404,1272,14644,9.29,4.96,4.97
3.2742,188,300,15400,-0.70,1.12,4.47
3.2857,1072,452,15292,-4.01,1.69,3.97
3.2984,1208,580,15968,-4.32,2.08,3.45
3.3100,2188,252,16416,-7.59,0.88,3.04
3.3214,3200,248,15388,-11.75,0.92,2.66
3.3336,2972,828,14660,-11.44,3.23,2.31
3.3453,3976,432,15204,-14.65,1.63,2.01
3.3570,5084,268,15596,-18.05,0.98,1.68
3.3690,4692,60,16272,-16.08,0.21,1.30
3.3809,6016,-452,17456,-19.01,-1.48,0.88
3.3943,5344,68,16716,-17.73,0.23,0.41
3.4062,5096,324,16060,-17.60,1.16,0.03
3.4184,6012,396,15076,-21.73,1.50,-0.32
3.4302,6260,692,14700,-23.04,2.70,-0.64
3.4421,6868,980,14512,-25.28,3.86,-0.93
3.4543,8452,688,15076,-29.25,2.61,-1.25
3.4663,8284,268,15980,-27.40,0.96,-1.62
3.4782,7320,192,17524,-22.67,0.63,-1.99
3.4918,6712,1276,15460,-23.40,4.72,-2.28
3.5038,5356,2320,15056,-19.37,8.76,-2.26
3.5161,11268,1336,6944,-57.89,10.89,-2.26
3.5281,12380,516,12532,-44.63,2.36,-2.45
3.5402,12172,384,14140,-40.71,1.56,-2.76
3.5522,11556,668,12324,-43.12,3.10,-3.18
3.5641,11580,824,13908,-39.73,3.39,-3.66
3.5759,11448,992,12764,-41.80,4.44,-4.15
3.5896,11048,1536,10184,-47.01,8.58,-4.64
3.6015,12644,1832,7576,-58.35,13.59,-5.04
3.6139,13168,2024,8260,-57.14,13.77,-5.40
3.6260,13196,2168,8660,-55.92,14.05,-5.74
3.6383,14936,1800,9212,-57.85,11.06,-6.11
3.6504,14720,1608,9380,-57.12,9.73,-6.59
3.6624,13352,1924,9596,-53.76,11.34,-7.17
3.6802,14856,2524,5132,-68.94,26.19,-7.89
3.6927,15256,2572,5756,-67.55,24.08,-8.33
3.7051,15564,2652,6412,-65.97,22.47,-8.75
3.7175,16044,2200,6708,-66.25,18.16,-9.15
3.7298,18064,2016,4772,-74.00,22.90,-9.61
3.7424,16676,2228,6896,-66.51,17.90,-10.14
3.7573,14464,2528,3508,-73.36,35.78,-10.67
3.7699,14052,3584,3852,-69.47,42.94,-10.96
3.7827,15400,3648,2284,-74.39,57.95,-11.05
3.7988,16212,3460,2856,-74.53,50.46,-11.02
3.8114,17564,3332,2068,-77.41,58.17,-11.02
3.8237,17356,3276,2672,-76.31,50.80,-11.06
3.8364,17684,2928,1076,-80.00,69.82,-11.06
3.8487,15928,3616,484,-77.10,82.38,-11.06
3.8614,16324,3800,-168,-76.88,92.53,-11.04
3.8742,16860,3708,-968,-77.19,104.63,-11.04
3.8866,15576,4364,-1388,-73.62,107.64,-11.01
3.9005,15972,4492,-2304,-72.46,117.15,-11.01
3.9132,16740,4020,-1064,-76.05,104.82,-11.01
3.9256,16444,3416,28,-78.26,89.53,-11.04
3.9383,15424,3604,-436,-76.76,96.90,-11.01
3.9507,15700,3792,-776,-76.15,101.57,-10.94
3.9673,16124,3448,976,-77.47,74.20,-10.87
3.9797,16692,2756,1568,-79.24,60.36,-10.90
3.9924,15528,3024,1816,-77.20,59.01,-10.90
4.0065,14736,3440,200,-76.84,86.67,-10.67
4.0191,16356,3532,700,-77.58,78.79,-10.32
4.0318,17204,2716,1852,-79.18,55.71,-10.06
4.0442,17872,1856,6116,-70.32,16.88,-10.03
4.0570,17660,1444,6028,-70.66,13.47,-10.21
4.0694,16408,2032,4372,-73.63,24.93,-10.42
4.0822,15156,2980,2860,-74.76,46.18,-10.64
4.0948,14728,3004,4280,-70.45,35.06,-10.80
4.1072,15948,2596,4936,-70.73,27.74,-11.00
4.1238,14696,2752,6508,-64.32,22.92,-11.26
4.1364,15480,2820,4308,-71.60,33.21,-11.44
4.1492,16388,2332,1724,-79.96,53.53,-11.71
4.1616,16256,3252,3772,-72.97,40.77,-11.99
4.1744,15240,3820,872,-75.58,77.14,-12.22
4.1868,14372,4684,-224,-71.93,92.74,-12.36
4.1994,15192,4728,-732,-72.52,98.80,-12.38
4.2121,15984,4292,292,-74.94,86.11,-12.35
4.2260,16864,3856,-716,-76.91,100.52,-12.36
4.2387,15436,4156,-868,-74.62,101.80,-12.40
4.2510,14300,4612,-1812,-70.89,111.45,-12.32
4.2636,14448,4944,-3176,-67.87,122.72,-12.13
4.2762,14704,4684,-2104,-70.75,114.19,-11.77
4.2908,14532,4436,-2260,-71.09,117.00,-11.25
4.3036,15944,3660,-544,-76.93,98.45,-10.64
4.3160,16332,3204,636,-78.69,78.77,-9.98
4.3297,17028,3060,1212,-79.06,68.39,-9.16
4.3420,16520,3172,1420,-78.12,65.88,-8.33
4.3542,15160,3264,2252,-75.34,55.40,-7.35
4.3665,14420,3248,2528,-74.07,52.11,-6.18
4.3786,13968,2624,4440,-69.73,30.58,-4.88
4.3911,16308,1756,4748,-72.75,20.30,-3.42
4.4033,13172,1260,7908,-58.70,9.05,-1.99
4.4151,12956,328,10160,-51.88,1.85,-0.68
4.4270,11436,-392,11824,-44.03,-1.90,0.59
4.4390,10664,-1564,14924,-35.40,-5.98,1.80
4.4527,9712,-2620,14984,-32.56,-9.92,3.12
4.4648,8712,-2568,15432,-29.11,-9.45,4.21
4.4770,6440,-2068,15604,-22.25,-7.55,5.21
4.4889,6804,-2492,15092,-23.98,-9.38,6.19
4.5012,7032,-2676,13932,-26.37,-10.87,7.16
4.5134,5980,-3216,14812,-21.53,-12.25,8.02
4.5262,4048,-3664,17124,-13.02,-12.08,8.93
4.5386,4780,-4576,17296,-14.96,-14.82,9.80
4.5511,5660,-5080,17448,-17.30,-16.23,10.75
4.5637,6480,-4480,15096,-22.37,-16.53,11.64
4.5802,4664,-3880,15536,-16.24,-14.02,12.95
4.5929,4676,-4128,12812,-19.16,-17.86,14.06
4.6058,2328,-5096,13988,-8.89,-20.02,15.18
4.6182,1080,-7320,20460,-2.85,-19.69,16.39
4.6304,1920,-8716,19472,-5.14,-24.11,17.56
4.6430,4996,-6904,18356,-14.29,-20.61,18.93
4.6557,6192,-7112,11564,-24.52,-31.59,20.16
4.6687,5472,-4764,7068,-32.70,-33.98,21.22
4.6814,4232,-5520,5688,-28.10,-44.14,22.20
4.6990,1740,-8344,15656,-5.60,-28.06,23.85
4.7117,-280,-10380,19404,0.73,-28.14,25.03
4.7240,-120,-10596,19512,0.31,-28.50,26.07
4.7362,2104,-10136,14404,-6.81,-35.13,27.09
4.7488,3424,-9476,7108,-16.12,-53.13,28.05
4.7614,3752,-8988,4292,-20.64,-64.47,28.88
4.7743,3244,-9612,5488,-16.34,-60.28,29.64
4.7870,3816,-10904,7600,-16.02,-55.12,30.29
4.8010,-332,-12512,11540,1.12,-47.31,31.03
4.8146,-5048,-13832,21400,11.21,-32.88,31.64
4.8273,-4660,-15292,22776,9.64,-33.88,32.22
4.8397,-1968,-15156,12704,5.68,-50.03,32.76
4.8520,832,-14080,3660,-3.27,-75.43,33.07
4.8640,2552,-14360,2088,-9.97,-81.73,33.25
4.8788,1540,-14240,4672,-5.87,-71.84,33.44
4.8911,-36,-14944,7744,0.12,-62.61,33.56
4.9036,-2136,-15456,8084,6.98,-62.39,33.68
4.9159,-2212,-16412,5604,7.27,-71.15,33.75
4.9298,-3596,-17644,4688,11.14,-75.12,33.71
4.9424,-3652,-16780,1128,12.25,-86.15,33.49
4.9551,-2844,-16704,456,9.66,-88.44,33.12
4.9678,-2756,-16632,3908,9.16,-76.78,32.70
4.9842,-2432,-17596,5440,7.52,-72.82,32.11
4.9985,-3340,-17420,5188,10.41,-73.42,31.56
5.0114,-2628,-16900,3288,8.68,-78.99,31.04
5.0238,-2116,-16496,1728,7.27,-84.02,30.58
5.0364,-2556,-16036,2664,8.94,-80.57,30.24
5.0502,-1592,-15208,-388,5.97,-91.46,29.86
5.0627,-1740,-16040,2324,6.13,-81.76,29.51
5.0752,-960,-17200,4392,3.10,-75.68,29.24
5.0873,-116,-17056,3612,0.38,-78.04,29.05
5.0997,-644,-16828,2268,2.17,-82.32,28.86
5.1118,-104,-16836,1520,0.35,-84.84,28.63
5.1242,452,-16896,728,-1.53,-87.53,28.42
5.1364,-180,-16932,1488,0.61,-84.98,28.25
5.1489,936,-17128,3604,-3.06,-78.12,28.17
5.1609,-360,-17684,3672,1.14,-78.27,28.11
5.1733,-812,-17572,776,2.64,-87.47,27.90
5.1869,584,-16492,-1420,-2.02,-94.92,27.68
5.1991,-520,-15888,-2456,1.85,-98.79,27.56
5.2113,-984,-15500,-1676,3.61,-96.17,27.53
5.2235,-1540,-15780,116,5.57,-89.58,27.61
5.2359,-3844,-17396,5224,11.95,-73.29,28.04
5.2507,-2688,-16948,3872,8.79,-77.13,28.77
5.2633,-2260,-16372,2720,7.75,-80.57,29.31
5.2759,-1708,-16172,492,6.03,-88.26,29.66
5.2883,-1368,-15800,-4228,4.78,-104.98,29.90
5.3005,644,-14248,-3388,-2.52,-103.38,30.28
5.3142,-1216,-15328,3644,4.41,-76.63,30.81
5.3265,-2928,-16460,14304,7.65,-49.01,31.65
5.3391,-7720,-18024,16432,17.56,-47.65,33.06
5.3517,-3508,-18336,4888,10.47,-75.07,34.12
5.3643,3856,-15776,-9952,-11.68,-122.25,34.75
5.3772,5888,-14260,-4200,-21.61,-106.41,34.89
5.3902,2072,-15616,10764,-6.23,-55.42,34.70
5.4023,-2724,-16636,18980,6.16,-41.23,34.51
5.4148,-5504,-16500,18484,12.52,-41.75,34.64
5.4277,-3204,-18892,14128,7.73,-53.21,35.28
5.4398,-3180,-17236,2544,10.34,-81.60,35.48
5.4563,-532,-13172,-6016,2.10,-114.55,34.88
5.4683,-208,-12880,5336,0.85,-67.50,34.04
5.4808,-1680,-14432,22104,3.64,-33.14,33.21
5.4934,-812,-14936,26996,1.51,-28.95,32.80
5.5055,5616,-15524,12880,-15.56,-50.32,32.82
5.5184,924,-14648,19512,-2.17,-36.90,32.75
5.5306,-7680,-15136,16056,19.19,-43.31,32.55
5.5436,-4908,-13336,7772,17.64,-59.77,31.10
5.5563,5484,-7864,-3256,-32.79,-112.49,28.92
5.5692,6292,-6968,14820,-21.02,-25.18,26.69
5.5833,1480,-6964,24572,-3.32,-15.82,24.81
5.5956,116,-6192,16712,-0.37,-20.33,23.82
5.6080,4360,-4924,20804,-11.53,-13.32,23.35
5.6224,3168,-4964,18616,-9.34,-14.93,23.23
5.6350,476,-1556,7812,-3.42,-11.26,22.45
5.6472,76,2172,9172,-0.46,13.32,21.51
5.6597,-8092,2772,16744,25.49,9.40,20.61
5.6721,-952,2144,17732,3.05,6.89,20.11
5.6857,-32,2784,10436,0.17,14.94,19.56
5.6980,848,3824,18264,-2.60,11.83,19.36
5.7118,916,5504,12740,-3.78,23.37,19.57
5.7242,-888,6476,15640,3.00,22.49,19.83
5.7366,-3456,7980,11388,13.96,35.02,20.16
5.7494,416,7928,14380,-1.45,28.87,20.29
5.7618,2044,7116,13548,-7.61,27.71,20.30
5.7741,3404,7412,13192,-12.68,29.33,20.27
5.7869,2588,7960,14868,-8.72,28.16,20.32
5.7995,3360,8224,13696,-11.88,30.98,20.35
5.8121,1264,8828,9960,-5.43,41.55,20.28
5.8269,160,9104,12164,-0.60,36.81,20.25
5.8405,1380,8032,12924,-5.18,31.86,20.18
5.8530,2900,7620,15352,-9.60,26.40,20.11
5.8653,2220,7584,13624,-8.10,29.10,20.15
5.8779,2972,7920,15512,-9.68,27.05,20.32
5.8904,-316,9416,11148,1.24,40.19,20.54
5.9029,632,9784,8104,-2.85,50.37,20.61
5.9149,1516,9968,13104,-5.26,37.26,20.65
5.9275,1316,9884,15092,-4.17,33.22,20.67
5.9399,2472,9396,14584,-8.11,32.79,20.74
5.9526,1652,10228,12048,-5.97,40.33,20.92
5.9649,760,11008,11604,-2.72,43.49,21.13
5.9772,220,10916,12684,-0.75,40.72,21.35
5.9908,1092,11184,12424,-3.74,41.99,21.49
6.0033,2624,10316,15668,-7.96,33.36,21.60
6.0196,2496,10248,13540,-8.36,37.12,21.63
6.0323,1140,10240,15308,-3.54,33.78,21.69
6.0469,-1968,11092,15096,6.00,36.31,21.81
6.0612,-1356,11000,13648,4.42,38.87,22.00
6.0753,748,10208,13292,-2.56,37.52,22.25
6.0915,3064,9544,13076,-10.72,36.13,22.47
6.1042,2276,10252,11332,-8.47,42.14,22.56
6.1169,1884,10172,11584,-6.97,41.29,22.67
6.1306,1076,9896,12228,-3.91,38.98,22.78
6.1432,2204,9812,10352,-8.78,43.47,22.89
6.1558,2076,9640,10224,-8.40,43.32,22.95
6.1685,2376,9908,9704,-9.72,45.60,23.10
6.1808,2660,9648,7156,-12.49,53.44,23.12
6.1937,636,10456,7996,-2.77,52.59,23.17
6.2057,1916,9164,12628,-7.00,35.97,23.33
6.2183,2660,7036,14028,-9.62,26.64,23.35
6.2354,4320,6496,12348,-17.20,27.75,23.06
6.2483,2804,7152,10196,-12.69,35.05,22.65
6.2611,1836,7176,9888,-8.55,35.97,22.37
6.2751,-520,4848,13520,2.07,19.73,22.21
6.2874,6676,-408,22508,-16.52,-1.04,22.02
6.2998,9156,-1564,26964,-18.73,-3.32,21.50
6.3120,5696,1608,21492,-14.80,4.28,20.50
6.3246,-28,4904,15272,0.10,17.80,19.63
6.3368,-1944,6644,6392,11.91,46.11,19.24
6.3497,-1944,5632,2792,17.18,63.63,19.36
6.3625,-4708,-188,26228,10.18,-0.41,20.14
6.3747,7816,-7156,32767,-13.12,-12.32,20.62
6.3876,10820,-5808,23380,-24.19,-13.95,20.23
6.4023,2308,212,16592,-7.92,0.73,19.51
6.4121,-816,2164,9120,4.98,13.35,19.11
6.4281,-420,3464,4472,4.25,37.76,19.04
6.4407,-2716,1520,3108,38.13,26.06,19.60
6.4534,-4572,-7260,27584,9.11,-14.75,20.92
6.4658,7096,-11680,32767,-11.53,-19.62,21.91
6.4788,9424,-7944,22568,-21.50,-19.39,22.34
6.4916,2748,-2712,10564,-14.14,-14.40,22.09
6.5046,2568,-1676,4364,-28.78,-21.01,21.56
6.5173,3560,-1816,-68,-62.96,-92.14,21.04
6.5301,-2168,-4048,244,28.13,-86.55,20.85
6.5428,-8620,-8076,13428,28.82,-31.02,21.65
6.5557,-13104,-11908,32767,20.60,-19.97,23.54
6.5720,2268,-12824,32767,-3.69,-21.37,26.48
6.5846,11364,-11424,10648,-36.04,-47.01,27.82
6.5973,11608,-9812,4360,-47.23,-66.04,27.30
6.6099,8908,-11852,10852,-29.00,-47.52,25.56
6.6225,-1800,-10068,11696,6.65,-40.72,23.87
6.6351,-7720,-8700,8264,32.76,-46.47,22.75
6.6478,-13000,-9712,16100,34.66,-31.10,22.65
6.6605,-13800,-12800,21924,28.53,-30.28,23.37
6.6736,-7532,-12588,15100,20.96,-39.82,24.24
6.6881,4968,-13080,8424,-17.71,-57.22,24.58
6.7031,3412,-12948,7912,-12.67,-58.57,24.03
6.7157,964,-13352,10412,-3.26,-52.05,23.42
6.7295,-744,-13340,7988,2.74,-59.09,22.94
6.7416,-4352,-12452,7532,16.65,-58.83,22.82
6.7544,-7500,-13908,13148,21.40,-46.61,23.04
6.7670,-3572,-15140,11864,10.52,-51.92,23.33
6.7800,1772,-14628,4900,-6.55,-71.48,23.55
6.7925,3588,-15584,8096,-11.55,-62.55,23.51
6.8052,3788,-15596,6932,-12.51,-66.04,23.01
6.8180,224,-15100,9448,-0.72,-57.97,22.35
6.8301,-1988,-15384,9556,6.26,-58.15,21.75
6.8424,-3464,-15336,9544,10.86,-58.10,21.41
6.8552,-2000,-14948,5968,7.08,-68.24,21.22
6.8672,-1372,-14556,4452,5.15,-72.99,21.12
6.8796,-340,-15516,5652,1.18,-69.98,21.00
6.8953,1168,-16300,8064,-3.67,-63.68,20.77
6.9078,940,-16904,7080,-2.94,-67.27,20.37
6.9200,1660,-15640,5760,-5.69,-69.78,19.98
6.9325,-620,-16304,6804,2.01,-67.35,19.58
6.9446,-532,-15860,3984,1.86,-75.90,19.12
6.9569,-136,-15312,1956,0.50,-82.72,18.70
6.9690,816,-15432,1320,-3.02,-85.11,18.30
6.9810,368,-16096,3064,-1.29,-79.22,17.95
6.9933,1396,-16912,2876,-4.65,-80.35,17.55
7.0058,1520,-16544,3804,-5.12,-77.05,17.13
7.0180,836,-16668,4472,-2.77,-74.98,16.77
7.0320,-300,-16372,2184,1.04,-82.40,16.37
7.0456,272,-16108,556,-0.97,-88.02,15.96
7.0580,2348,-16056,1196,-8.30,-85.74,15.71
7.0703,1276,-16708,2324,-4.33,-82.08,15.45
7.0827,2804,-17248,3844,-9.02,-77.44,15.19
7.0952,2060,-17088,3752,-6.72,-77.62,14.86
7.1074,2224,-17072,2440,-7.35,-81.87,14.56
7.1199,1964,-16072,468,-6.96,-88.33,14.29
7.1344,1828,-15872,-356,-6.57,-91.28,13.97
7.1469,2580,-16152,-76,-9.08,-90.27,13.70
7.1594,1944,-16172,896,-6.84,-86.83,13.38
7.1722,1896,-15780,-1260,-6.83,-94.57,12.97
7.1845,1208,-15124,-1392,-4.55,-95.26,12.61
7.1966,376,-15968,1620,-1.34,-84.21,12.39
7.2103,988,-16912,2568,-3.31,-81.37,12.37
7.2228,1572,-16748,288,-5.36,-89.01,12.40
7.2351,2944,-16004,-1588,-10.37,-95.67,12.40
7.2479,4056,-15352,-2824,-14.57,-100.42,12.37
7.2605,2360,-15056,-3120,-8.73,-101.71,12.25
7.2731,3160,-15488,-2852,-11.35,-100.43,12.04
7.2856,2800,-15744,-1512,-10.04,-95.49,11.83
7.2985,1384,-16508,352,-4.79,-88.78,11.73
7.3111,1572,-16592,584,-5.41,-87.98,11.71
7.3234,1164,-16248,-16,-4.10,-90.06,11.71
7.3358,2272,-15552,-3040,-8.16,-101.06,11.68
7.3480,4424,-15288,-4952,-15.39,-107.95,11.58
7.3627,4472,-15928,-3828,-15.27,-103.51,11.31
7.3767,2616,-16392,-2216,-8.99,-97.70,11.01
7.3893,1764,-16076,-2544,-6.19,-98.99,10.77
7.4015,640,-16152,-1048,-2.26,-93.71,10.68
7.4138,1488,-16396,-804,-5.18,-92.81,10.74
7.4261,2428,-16188,-2252,-8.45,-97.92,10.85
7.4385,3268,-15216,-5448,-11.43,-109.70,10.88
7.4537,4672,-15116,-6268,-15.93,-112.52,10.74
7.4663,4516,-15780,-4872,-15.29,-107.16,10.49
7.4792,2916,-15988,-3440,-10.11,-102.14,10.19
7.4917,1692,-16204,-988,-5.95,-93.49,9.99
7.5038,1948,-15984,-1116,-6.93,-93.99,9.91
7.5156,1404,-15912,-1764,-5.01,-96.33,9.94
7.5274,2028,-15236,-4648,-7.26,-106.97,10.02
7.5399,3000,-14860,-6764,-10.41,-114.47,10.12
7.5562,4684,-15564,-4804,-16.04,-107.15,10.12
7.5689,5388,-16484,-3544,-17.72,-102.13,10.01
7.5815,3856,-16708,-1640,-12.94,-95.61,9.84
7.5942,2732,-16948,-60,-9.16,-90.20,9.70
7.6063,1584,-16800,-1196,-5.37,-94.07,9.65
7.6185,588,-15396,-6404,-2.02,-112.58,9.62
7.6306,960,-13972,-9772,-3.22,-124.97,9.66
7.6425,1348,-13884,-7760,-4.84,-119.20,9.77
7.6545,2604,-15076,-5024,-9.31,-108.43,9.86
7.6687,4124,-16836,-1100,-13.74,-93.74,9.96
7.6811,4972,-17188,-568,-16.13,-91.89,10.00
7.6941,3936,-15944,-4692,-13.32,-106.40,9.97
7.7064,2252,-14500,-7664,-7.82,-117.86,9.94
7.7201,1240,-14500,-6484,-4.46,-114.09,10.01
7.7345,2132,-15004,-4708,-7.72,-107.42,10.13
7.7469,2848,-15976,-2596,-9.98,-99.23,10.24
7.7595,3972,-16428,-2108,-13.49,-97.31,10.32
7.7722,3600,-16116,-3368,-12.33,-101.80,10.32
7.7850,2976,-15140,-6556,-10.23,-113.41,10.30
7.7976,2920,-14916,-6416,-10.19,-113.27,10.28
7.8105,2388,-15416,-4624,-8.44,-106.70,10.25
7.8228,2788,-15588,-4672,-9.72,-106.68,10.23
7.8354,2964,-15992,-3424,-10.27,-102.08,10.23
7.8482,2712,-16372,-2700,-9.28,-99.36,10.26
7.8605,2864,-16248,-2896,-9.84,-100.11,10.31
7.8729,3016,-15792,-4920,-10.33,-107.30,10.31
7.8856,2776,-15028,-6008,-9.73,-111.79,10.27
7.8993,2224,-15816,-4064,-7.76,-104.41,10.20
7.9117,1832,-16684,-2400,-6.20,-98.19,10.17
7.9238,2372,-15832,-4212,-8.24,-104.90,10.22
7.9386,2360,-15576,-4280,-8.31,-105.36,10.33
7.9509,1976,-15184,-4780,-7.08,-107.47,10.44
7.9634,3264,-14932,-4832,-11.75,-107.93,10.53
7.9761,3384,-15776,-4484,-11.66,-105.87,10.53
7.9889,2732,-16096,-3000,-9.47,-100.56,10.51
8.0012,2648,-16024,-3572,-9.16,-102.57,10.49
8.0138,1716,-15772,-3644,-6.05,-103.01,10.49
8.0260,1976,-15568,-5264,-6.86,-108.68,10.49
8.0386,3280,-15364,-5428,-11.38,-109.46,10.51
8.0529,3620,-15968,-3432,-12.50,-102.13,10.47
8.0656,3112,-16420,-2192,-10.64,-97.60,10.41
8.0799,2312,-16348,-2328,-7.97,-98.10,10.34
8.0918,2136,-15840,-3172,-7.53,-101.32,10.33
8.1039,3244,-15728,-3872,-11.33,-103.83,10.31
8.1185,3736,-15108,-5876,-12.98,-111.25,10.21
8.1312,2948,-15484,-3960,-10.45,-104.35,10.09
8.1442,2024,-16056,-2324,-7.11,-98.24,9.97
8.1562,1448,-16116,-2124,-5.09,-97.51,9.93
8.1683,1724,-15820,-2832,-6.12,-100.15,9.96
8.1806,2760,-15424,-3984,-9.83,-104.48,10.00
8.1929,3084,-15168,-4928,-10.94,-108.00,10.00
8.2054,2488,-15304,-3944,-8.95,-104.45,10.00
8.2175,2268,-15636,-3552,-8.05,-102.80,10.02
8.2301,2516,-15980,-2572,-8.84,-99.14,10.07
8.2425,3316,-16324,-1968,-11.40,-96.87,10.11
8.2569,3864,-15992,-3860,-13.22,-103.57,10.09
8.2696,2900,-15468,-4400,-10.22,-105.88,10.04
8.2823,2076,-15376,-4588,-7.37,-106.61,10.02
8.2947,1812,-15376,-4120,-6.49,-105.00,10.05
8.3068,2268,-15920,-2664,-8.00,-99.50,10.13
8.3192,3236,-16172,-1816,-11.25,-96.41,10.19
8.3320,3280,-15964,-3156,-11.40,-101.18,10.21
8.3469,3232,-15528,-4552,-11.30,-106.34,10.18
8.3599,2604,-15648,-4288,-9.12,-105.32,10.15
8.3723,2400,-16008,-2848,-8.40,-100.09,10.15
8.3846,2624,-16280,-2160,-9.08,-97.56,10.20
8.3972,2584,-15836,-2140,-9.19,-97.70,10.29
8.4095,2948,-15988,-2908,-10.28,-100.31,10.33
8.4224,3136,-15836,-3704,-10.91,-103.16,10.33
8.4365,3016,-15808,-4488,-10.40,-105.85,10.33
8.4494,2516,-15808,-4012,-8.77,-104.24,10.33
8.4616,2468,-15932,-2908,-8.66,-100.34,10.33
8.4743,3632,-16208,-2360,-12.50,-98.28,10.35
8.4868,3300,-16312,-2100,-11.35,-97.34,10.35
8.4996,2900,-16076,-3000,-10.06,-100.57,10.32
8.5144,2092,-15756,-3676,-7.37,-103.13,10.29
8.5269,2192,-15608,-4208,-7.72,-105.09,10.29
8.5391,2548,-15672,-3696,-8.99,-103.27,10.25
8.5518,2400,-16028,-2784,-8.39,-99.85,10.22
8.5642,2424,-16436,-1680,-8.35,-95.84,10.23
8.5769,2568,-16424,-1624,-8.84,-95.65,10.27
8.5894,2324,-16152,-2948,-8.06,-100.34,10.31
8.6018,3160,-15800,-3616,-11.03,-102.89,10.31
8.6168,3420,-15368,-4912,-11.97,-107.73,10.22
8.6311,2492,-15664,-3856,-8.78,-103.83,10.13
8.6437,1896,-16024,-1928,-6.70,-96.86,10.12
8.6558,1980,-16456,-892,-6.85,-93.10,10.17
8.6707,2476,-16324,-1368,-8.60,-94.79,10.23
8.6830,3172,-15984,-3496,-10.97,-102.34,10.23
8.6975,3112,-15084,-5856,-10.89,-111.22,10.18
8.7105,3124,-15396,-4316,-11.06,-105.66,10.12
8.7232,2356,-15984,-1796,-8.33,-96.41,10.08
8.7356,2180,-16556,-120,-7.50,-90.42,10.08
8.7482,1988,-16320,-644,-6.94,-92.26,10.12
8.7607,2492,-15676,-3440,-8.83,-102.38,10.16
8.7733,2732,-15064,-5472,-9.67,-109.96,10.18
8.7858,2780,-15344,-5348,-9.71,-109.22,10.20
8.7996,3136,-16100,-3528,-10.77,-102.36,10.20
8.8120,3040,-16704,-1652,-10.27,-95.65,10.20
8.8280,3020,-16820,-280,-10.18,-90.95,10.23
8.8409,2104,-16116,-2568,-7.35,-99.05,10.23
8.8533,1768,-15512,-4564,-6.24,-106.40,10.27
8.8656,2108,-15440,-4880,-7.42,-107.54,10.35
8.8781,2652,-15856,-3856,-9.23,-103.67,10.43
8.8905,2764,-16168,-2008,-9.63,-97.08,10.52
8.9032,3936,-16632,-1432,-13.27,-94.92,10.55
8.9160,4516,-16424,-1804,-15.29,-96.27,10.48
8.9287,3128,-16188,-2100,-10.85,-97.39,10.34
8.9416,1632,-16064,-2140,-5.75,-97.59,10.22
8.9547,1496,-15428,-5476,-5.22,-109.54,10.13
8.9671,1468,-14424,-6848,-5.25,-115.40,10.16
8.9793,2076,-15276,-2980,-7.60,-101.04,10.26
8.9918,2776,-16632,-32,-9.48,-90.11,10.38
9.0041,4904,-17400,-580,-15.73,-91.91,10.34
9.0207,4320,-16420,-3380,-14.45,-101.63,10.19
9.0334,2780,-15776,-3820,-9.72,-103.61,10.06
9.0460,1872,-15648,-3988,-6.61,-104.30,9.97
9.0581,1720,-15584,-3936,-6.11,-104.17,9.97
9.0703,1772,-15720,-2784,-6.33,-100.04,10.05
9.0842,2316,-16172,-1224,-8.13,-94.33,10.19
9.0969,3716,-16372,-1728,-12.72,-96.03,10.25
9.1096,4852,-15960,-3780,-16.48,-103.32,10.23
9.1226,3316,-15704,-3016,-11.72,-100.87,10.15
9.1352,2276,-16180,-1732,-7.96,-96.11,10.10
9.1476,2124,-15776,-2588,-7.57,-99.32,10.10
9.1599,1688,-15412,-3064,-6.13,-101.24,10.14
9.1718,2124,-15524,-2248,-7.71,-98.24,10.20
9.1841,2460,-15872,-2548,-8.70,-99.12,10.26
9.2001,2956,-15888,-2996,-10.36,-100.68,10.29
9.2131,2984,-16236,-1860,-10.35,-96.54,10.29
9.2256,2748,-16336,-1732,-9.50,-96.05,10.29
9.2381,2340,-16060,-2976,-8.15,-100.50,10.29
9.2507,1896,-15896,-2492,-6.72,-98.91,10.31
9.2631,1960,-16144,-3020,-6.81,-100.60,10.32
9.2757,2996,-15976,-3884,-10.33,-103.66,10.35
9.2884,2524,-16216,-2180,-8.77,-97.66,10.35
9.3010,2224,-16520,-956,-7.65,-93.31,10.35
9.3133,2620,-16388,-3016,-8.94,-100.43,10.32
9.3260,2988,-15576,-4980,-10.35,-107.73,10.32
9.3385,2436,-15984,-2472,-8.57,-98.79,10.32
9.3509,2220,-16472,-316,-7.67,-91.10,10.35
9.3635,3232,-16228,-2832,-11.10,-99.90,10.35
9.3760,3880,-15628,-3924,-13.54,-104.09,10.32
9.3911,2780,-16088,-1840,-9.74,-96.52,10.26
9.4051,2112,-16352,-1784,-7.32,-96.23,10.26
9.4175,2048,-15828,-3680,-7.18,-103.09,10.26
9.4297,2032,-15740,-3432,-7.19,-102.30,10.30
9.4423,2616,-16056,-2344,-9.16,-98.31,10.35
9.4547,3460,-16392,-1508,-11.87,-95.26,10.36
9.4677,3576,-16312,-1304,-12.33,-94.57,10.36
9.4803,2860,-16140,-2224,-9.96,-97.85,10.35
9.4929,2652,-15820,-3768,-9.26,-103.40,10.35
9.5055,2040,-15444,-4668,-7.21,-106.82,10.36
9.5179,2024,-15704,-3236,-7.19,-101.64,10.41
9.5304,2560,-16056,-1912,-9.00,-96.79,10.47
9.5428,3116,-16408,-996,-10.73,-93.47,10.50
9.5558,3480,-16680,-460,-11.78,-91.58,10.46
9.5704,2628,-16268,-2232,-9.09,-97.81,10.39
9.5830,2488,-15712,-3836,-8.75,-103.72,10.34
9.5954,1960,-15380,-3960,-7.04,-104.44,10.33
9.6095,2284,-15704,-2552,-8.17,-99.23,10.36
9.6218,2728,-16096,-1844,-9.56,-96.54,10.38
9.6345,2944,-16332,-1264,-10.19,-94.43,10.38
9.6471,2808,-16320,-1380,-9.73,-94.83,10.36
9.6596,2564,-15996,-2668,-8.98,-99.47,10.33
9.6723,2248,-15616,-3484,-8.00,-102.58,10.31
9.6863,2412,-15848,-2632,-8.54,-99.43,10.31
9.6988,2584,-16180,-1896,-9.01,-96.68,10.31
9.7110,2652,-16088,-2092,-9.28,-97.41,10.32
9.7265,3020,-16008,-1728,-10.62,-96.16,10.32
9.7391,2972,-16172,-1792,-10.35,-96.32,10.30
9.7521,2656,-15816,-3232,-9.34,-101.55,10.26
9.7645,1916,-15716,-2780,-6.85,-100.03,10.24
9.7770,1620,-15564,-2800,-5.85,-100.20,10.26
9.7895,2332,-15860,-2100,-8.29,-97.54,10.30
9.8042,3140,-16396,-1284,-10.81,-94.48,10.31
9.8187,3816,-16556,-1512,-12.93,-95.22,10.26
9.8313,2712,-16320,-2228,-9.35,-97.77,10.21
9.8439,2232,-16172,-2908,-7.74,-100.19,10.17
9.8558,2572,-15752,-4088,-8.98,-104.55,10.17
9.8706,2552,-15840,-2716,-9.02,-99.73,10.21
9.8830,2716,-16504,-972,-9.33,-93.37,10.25
9.8955,3420,-16732,-828,-11.54,-92.83,10.28
9.9086,3216,-16272,-2720,-11.03,-99.49,10.28
9.9212,3152,-16148,-2660,-10.90,-99.35,10.24
9.9341,3216,-16168,-3176,-11.04,-101.11,10.17
9.9467,2280,-15820,-3128,-8.05,-101.18,10.11
9.9594,1920,-15996,-2096,-6.79,-97.47,10.09
9.9718,2384,-16160,-1464,-8.36,-95.18,10.09
9.9844,2692,-15932,-1912,-9.52,-96.84,10.12
9.9968,3104,-16072,-1436,-10.89,-95.11,10.12
