time_s,pitch_in,roll_in,motor_front,motor_back,motor_left,motor_right,correction_pitch,correction_roll
0.0096,-1.66,-0.45,1415,1585,1523,1477,85.49,23.18
0.0228,-3.08,-0.73,1442,1558,1512,1488,58.41,11.70
0.0359,-2.30,-0.64,1526,1474,1498,1502,-26.32,-2.47
0.0488,-3.11,-0.71,1464,1536,1504,1496,36.06,3.78
0.0604,-2.08,-0.63,1541,1459,1497,1503,-41.27,-2.50
0.0718,-1.56,-0.21,1520,1480,1482,1518,-20.46,-18.11
0.0850,-0.12,0.11,1554,1446,1488,1512,-54.36,-12.29
0.0964,-0.60,-0.30,1478,1522,1518,1482,21.96,18.43
0.1081,-1.16,-0.03,1474,1526,1489,1511,25.68,-11.49
0.1212,-1.74,-0.62,1475,1525,1523,1477,24.75,23.45
0.1326,-1.43,-0.74,1511,1489,1506,1494,-11.45,6.37
0.1442,-1.79,-0.63,1482,1518,1496,1504,18.21,-3.80
0.1570,-0.71,-0.94,1541,1459,1514,1486,-41.12,13.52
0.1687,-1.21,-1.02,1477,1523,1505,1495,23.19,4.95
0.1800,-1.18,-0.72,1500,1500,1488,1512,0.45,-12.19
0.1930,-1.87,-0.83,1471,1529,1505,1495,29.35,5.48
0.2043,-2.47,-0.97,1470,1530,1508,1492,30.26,7.65
0.2159,-2.05,-0.92,1515,1485,1499,1501,-15.02,-0.77
0.2289,-3.16,-0.99,1453,1547,1504,1496,47.44,4.18
0.2401,-1.51,-1.11,1571,1429,1507,1493,-71.39,7.03
0.2516,-1.89,-1.18,1481,1519,1505,1495,19.37,4.82
0.2643,-0.68,-1.30,1547,1453,1507,1493,-46.61,6.68
0.2760,-2.90,-2.04,1401,1599,1535,1465,99.23,34.69
0.2874,-2.18,-1.04,1528,1472,1458,1542,-28.30,-42.30
0.3003,-2.68,-0.66,1477,1523,1486,1514,23.41,-13.73
0.3117,-3.04,-0.72,1480,1520,1504,1496,20.36,3.72
0.3232,-3.65,-0.91,1468,1532,1510,1490,32.01,9.63
0.3363,-2.49,-0.64,1541,1459,1491,1509,-40.53,-9.34
0.3477,-3.00,-0.45,1473,1527,1492,1508,26.88,-7.65
0.3590,-3.29,-0.82,1482,1518,1518,1482,17.78,17.61
0.3721,-4.38,-1.11,1452,1548,1513,1487,48.19,12.74
0.3836,-3.05,-1.22,1553,1447,1507,1493,-53.23,6.62
0.3951,-4.21,-1.15,1443,1557,1499,1501,56.77,-1.31
0.4079,-2.52,-0.98,1562,1438,1495,1505,-62.22,-5.16
0.4196,-2.43,-1.17,1500,1500,1510,1490,-0.18,9.88
0.4309,-1.75,-1.03,1527,1473,1495,1505,-27.44,-4.64
0.4439,-3.12,-1.45,1443,1557,1518,1482,57.39,18.34
0.4553,-5.12,-1.70,1405,1595,1514,1486,95.42,13.52
0.4670,-4.80,-2.02,1506,1494,1517,1483,-6.45,16.71
0.4785,-4.67,-2.27,1499,1501,1514,1486,1.38,14.28
0.4917,-4.05,-2.65,1517,1483,1518,1482,-17.39,18.38
0.5032,-2.64,-2.59,1557,1443,1501,1499,-57.32,1.29
0.5148,-3.42,-2.01,1461,1539,1478,1522,38.78,-21.97
0.5260,-3.66,-1.27,1484,1516,1469,1531,16.23,-31.12
0.5391,-4.54,-1.25,1460,1540,1501,1499,40.43,1.12
0.5509,-5.19,-0.97,1465,1535,1490,1510,35.36,-10.40
0.5624,-6.87,-0.80,1417,1583,1494,1506,83.38,-6.18
0.5740,-8.15,-1.05,1433,1567,1512,1488,67.43,12.36
0.5871,-6.31,-1.45,1561,1439,1517,1483,-60.73,17.45
0.5986,-5.43,-1.52,1530,1470,1505,1495,-30.08,5.34
0.6103,-6.10,-2.02,1462,1538,1524,1476,37.82,24.41
0.6218,-4.22,-1.39,1575,1425,1475,1525,-75.37,-25.29
0.6350,-4.74,-1.26,1473,1527,1497,1503,26.85,-3.02
0.6465,-4.85,-0.92,1488,1512,1487,1513,12.10,-13.39
0.6581,-5.27,-0.66,1474,1526,1490,1510,26.05,-10.20
0.6699,-5.02,-0.93,1503,1497,1513,1487,-3.02,12.85
0.6829,-5.12,-1.52,1488,1512,1525,1475,11.57,24.99
0.6967,-2.52,-1.23,1590,1410,1491,1509,-90.38,-8.65
0.7081,-2.11,-0.92,1515,1485,1488,1512,-14.77,-12.20
0.7198,-4.02,-1.86,1412,1588,1543,1457,87.70,42.98
0.7328,-5.73,-2.41,1426,1574,1525,1475,74.41,24.79
0.7445,-5.90,-2.51,1484,1516,1508,1492,16.16,8.06
0.7561,-3.90,-3.13,1580,1420,1531,1469,-80.31,31.44
0.7679,-3.73,-2.51,1502,1498,1478,1522,-1.56,-22.49
0.7809,-5.21,-2.00,1435,1565,1483,1517,64.79,-16.60
0.7934,-6.04,-2.86,1458,1542,1539,1461,42.31,38.71
0.8049,-5.31,-3.32,1524,1476,1525,1475,-23.72,25.00
0.8165,-3.77,-2.89,1561,1439,1486,1514,-60.67,-14.18
0.8293,-5.76,-4.09,1414,1586,1553,1447,86.43,53.03
0.8409,-7.29,-4.07,1423,1577,1505,1495,76.94,5.27
0.8527,-11.63,-5.37,1299,1701,1563,1437,201.40,63.16
0.8647,-12.75,-4.46,1434,1566,1469,1531,65.86,-31.20
0.8785,-11.48,-4.67,1529,1471,1515,1485,-28.73,14.64
0.8921,-10.45,-3.16,1522,1478,1449,1551,-22.12,-50.75
0.9042,-14.20,-1.43,1324,1676,1431,1569,176.33,-69.31
0.9159,-24.83,0.80,1008,1992,1404,1596,491.60,-96.47
0.9318,-27.32,1.75,1381,1619,1468,1532,119.37,-32.47
0.9436,-31.99,-1.94,1254,1746,1659,1341,245.96,159.29
0.9558,-27.29,-2.43,1652,1348,1524,1476,-151.59,23.75
0.9690,-31.55,-3.17,1291,1709,1533,1467,208.80,32.81
0.9811,-33.03,-0.91,1389,1611,1408,1592,110.82,-91.99
0.9931,-34.78,0.86,1375,1625,1425,1575,125.21,-75.01
1.0051,-40.90,0.61,1184,1816,1510,1490,316.49,9.53
1.0186,-47.31,-0.14,1191,1809,1528,1472,308.52,28.02
1.0303,-49.65,0.06,1325,1675,1491,1509,174.64,-8.61
1.0424,-43.09,-4.11,1706,1294,1679,1321,-206.27,178.51
1.0547,-45.78,-3.89,1322,1678,1497,1503,178.20,-3.08
1.0672,-46.21,-2.04,1413,1587,1429,1571,86.71,-70.91
1.0806,-47.43,-2.26,1383,1617,1512,1488,116.87,11.63
1.0929,-48.52,-1.83,1383,1617,1485,1515,117.31,-14.70
1.1049,-54.09,2.10,1187,1813,1333,1667,313.45,-166.87
1.1169,-59.25,4.31,1196,1804,1401,1599,304.12,-98.52
1.1293,-63.07,3.01,1251,1749,1548,1452,248.90,47.93
1.1427,-61.01,1.92,1485,1515,1538,1462,14.93,37.82
1.1548,-59.75,3.20,1462,1538,1442,1558,37.85,-57.66
1.1667,-61.20,7.02,1347,1653,1329,1671,153.03,-171.01
1.1791,-62.45,13.69,1356,1644,1211,1789,144.40,-289.46
1.1918,-72.65,23.31,1000,2000,1086,1914,510.89,-413.69
1.2079,-68.21,11.56,1535,1465,1848,1152,-35.21,347.58
1.2206,-70.38,13.01,1309,1691,1423,1577,191.38,-76.59
1.2332,-68.57,14.17,1469,1531,1433,1567,31.43,-67.28
1.2481,-74.50,22.24,1189,1811,1196,1804,311.16,-304.16
1.2622,-75.14,30.48,1364,1636,1162,1838,135.85,-337.93
1.2749,-78.68,36.59,1242,1758,1205,1795,257.85,-295.45
1.2874,-80.84,48.53,1292,1708,1000,2000,208.14,-550.42
1.2999,-70.36,6.52,1813,1187,2000,1000,-313.16,1670.59
1.3123,-69.72,0.34,1421,1579,1749,1251,79.29,248.65
1.3281,-76.82,9.13,1160,1840,1208,1792,340.45,-291.89
1.3406,-76.74,27.29,1388,1612,1000,2000,112.47,-767.38
1.3532,-80.26,38.66,1239,1761,1000,2000,260.65,-509.23
1.3659,-76.33,36.24,1540,1460,1541,1459,-39.63,40.86
1.3799,-84.76,70.88,1071,1929,1000,2000,428.84,-1343.54
1.3927,-82.40,54.03,1468,1532,2000,1000,32.06,577.06
1.4051,-81.09,34.36,1431,1569,2000,1000,69.48,741.50
1.4176,-84.99,51.05,1216,1784,1000,2000,284.17,-744.29
1.4302,-84.65,66.55,1386,1614,1000,2000,114.19,-715.04
1.4441,-84.95,99.54,1361,1639,1000,2000,138.95,-1336.16
1.4590,-85.92,97.13,1338,1662,1435,1565,162.19,-65.01
1.4714,-83.58,135.81,1468,1532,1000,2000,31.79,-1763.61
1.4842,-79.30,172.14,1547,1453,1000,2000,-47.44,-1677.62
1.4981,-77.84,147.50,1435,1565,2000,1000,65.06,664.77
1.5109,-77.67,153.30,1389,1611,1043,1957,110.70,-456.86
1.5238,-73.99,148.49,1531,1469,1463,1537,-30.79,-36.69
1.5371,-74.29,144.82,1376,1624,1420,1580,123.59,-79.68
1.5496,-70.95,156.35,1526,1474,1000,2000,-26.28,-696.19
1.5637,-73.58,152.40,1295,1705,1411,1589,204.55,-89.03
1.5760,-72.91,159.20,1417,1583,1000,2000,83.06,-515.77
1.5909,-72.43,159.94,1407,1593,1235,1765,93.49,-265.33
1.6037,-74.92,154.38,1289,1711,1485,1515,210.62,-15.01
1.6177,-76.60,144.17,1324,1676,1648,1352,175.90,147.72
1.6301,-73.46,140.45,1515,1485,1439,1561,-15.41,-61.38
1.6429,-68.91,142.17,1573,1427,1219,1781,-73.34,-281.19
1.6554,-65.94,157.99,1519,1481,1000,2000,-18.84,-870.57
1.6683,-78.23,146.39,1000,2000,1729,1271,594.77,229.21
1.6823,-87.04,5.52,1054,1946,2000,1000,446.30,5021.97
1.6988,-71.74,-6.62,1855,1145,1877,1123,-354.91,376.99
1.7110,-77.55,-14.98,1144,1856,1864,1136,355.58,364.28
1.7235,-76.80,-28.65,1414,1586,2000,1000,86.36,588.97
1.7375,-71.68,-16.46,1574,1426,1089,1911,-74.16,-411.47
1.7498,-59.44,-17.50,1907,1093,1568,1432,-407.21,67.73
1.7620,-48.17,-17.19,1888,1112,1512,1488,-388.43,12.28
1.7743,-44.89,-19.20,1565,1435,1610,1390,-64.79,109.72
1.7867,-48.15,-16.26,1295,1705,1405,1595,204.90,-94.95
1.7992,-40.89,-11.75,1728,1272,1336,1664,-227.83,-163.56
1.8131,-28.11,-10.59,1916,1084,1473,1527,-416.30,-26.62
1.8254,-22.87,-11.04,1677,1323,1534,1466,-177.45,34.07
1.8380,-19.92,-10.09,1586,1414,1477,1523,-85.93,-23.34
1.8506,-17.90,-10.30,1552,1448,1523,1477,-52.05,23.01
1.8628,-19.73,-10.21,1394,1606,1511,1489,105.86,10.86
1.8752,-23.62,-9.98,1306,1694,1505,1495,193.55,4.93
1.8910,-10.72,-6.65,1891,1109,1404,1596,-390.88,-96.17
1.9048,-1.95,-6.26,1814,1186,1494,1506,-313.56,-5.50
1.9162,-1.21,-6.57,1529,1471,1523,1477,-29.37,22.69
1.9275,0.39,-7.64,1570,1430,1558,1442,-70.11,58.04
1.9391,-0.69,-7.77,1451,1549,1516,1484,48.86,16.50
1.9523,-1.20,-7.65,1478,1522,1506,1494,22.39,6.17
1.9638,13.93,-3.99,2000,1000,1346,1654,-677.45,-153.90
1.9758,20.24,-2.57,1792,1208,1444,1556,-292.01,-56.07
1.9882,23.22,-4.99,1654,1346,1604,1396,-153.73,104.31
2.0005,21.88,-4.63,1477,1523,1492,1508,22.91,-8.44
2.0131,17.13,-4.66,1336,1664,1507,1493,164.05,7.43
2.0268,25.26,0.38,1833,1167,1315,1685,-333.36,-185.26
2.0391,24.79,0.54,1517,1483,1492,1508,-16.84,-8.07
2.0516,28.19,-0.08,1677,1323,1524,1476,-177.06,24.17
2.0641,26.76,-0.35,1482,1518,1511,1489,18.28,10.57
2.0763,30.65,-1.51,1704,1296,1549,1451,-204.19,49.05
2.0887,33.56,-0.44,1666,1334,1457,1543,-166.47,-43.24
2.1023,39.26,1.05,1767,1233,1443,1557,-267.25,-57.11
2.1146,39.69,1.32,1576,1424,1486,1514,-75.83,-13.71
2.1267,42.19,1.18,1665,1335,1503,1497,-165.41,3.26
2.1390,44.43,2.42,1657,1343,1445,1555,-156.54,-54.79
2.1514,42.78,2.50,1496,1504,1492,1508,3.52,-7.73
2.1634,45.88,3.40,1697,1303,1457,1543,-196.84,-43.35
2.1794,50.27,2.53,1711,1289,1523,1477,-211.46,22.64
2.1914,51.28,1.58,1618,1382,1536,1464,-117.89,36.46
2.2037,54.20,3.04,1699,1301,1435,1565,-198.90,-64.67
2.2157,58.74,4.14,1776,1224,1447,1553,-276.19,-52.80
2.2282,59.95,7.24,1637,1363,1364,1636,-137.25,-135.62
2.2417,60.38,6.71,1605,1395,1509,1491,-105.44,8.80
2.2538,65.70,8.79,1817,1183,1400,1600,-317.34,-99.90
2.2662,70.28,13.79,1789,1211,1277,1723,-289.07,-223.06
2.2790,69.01,7.39,1553,1447,1738,1262,-52.90,238.15
2.2912,71.26,11.63,1698,1302,1308,1692,-198.11,-191.99
2.3039,72.63,16.75,1662,1338,1273,1727,-161.91,-227.48
2.3179,73.38,29.42,1636,1364,1003,1997,-135.91,-497.41
2.3307,76.35,35.07,1730,1270,1226,1774,-229.61,-274.10
2.3432,73.74,22.53,1505,1495,1967,1033,-5.30,467.01
2.3558,73.25,20.67,1590,1410,1542,1458,-89.54,42.00
2.3683,76.18,23.75,1731,1269,1340,1660,-230.60,-159.64
2.3845,81.11,51.56,1773,1227,1000,2000,-272.98,-936.50
2.3973,82.51,67.47,1678,1322,1000,2000,-177.63,-723.53
2.4097,81.94,93.87,1599,1401,1000,2000,-99.12,-1206.19
2.4224,81.68,64.39,1611,1389,2000,1000,-111.50,1063.16
2.4349,81.98,55.00,1634,1366,1792,1208,-134.20,292.20
2.4476,79.47,41.28,1520,1480,1977,1023,-19.64,477.33
2.4617,80.39,32.64,1652,1348,1757,1243,-152.49,256.51
2.4741,83.05,73.02,1731,1269,1000,2000,-231.13,-1738.69
2.4867,80.49,121.15,1518,1482,1000,2000,-18.47,-2092.61
2.5039,73.61,143.64,1410,1590,1000,2000,90.24,-870.25
2.5167,78.33,122.24,1801,1199,2000,1000,-301.23,651.53
2.5305,83.28,78.26,1804,1196,2000,1000,-303.65,1475.02
2.5433,83.97,85.42,1652,1348,1091,1909,-152.32,-408.91
2.5558,78.51,129.98,1399,1601,1000,2000,101.21,-1978.49
2.5684,77.23,134.30,1564,1436,1126,1874,-64.50,-374.03
2.5810,76.45,133.18,1583,1417,1343,1657,-83.19,-156.52
2.5937,75.88,132.88,1591,1409,1311,1689,-90.86,-188.73
2.6078,75.87,127.55,1613,1387,1496,1504,-112.96,-3.58
2.6200,78.86,117.40,1740,1260,1739,1261,-240.36,238.60
2.6347,81.73,102.52,1720,1280,1851,1149,-219.76,351.02
2.6473,79.73,121.20,1540,1460,1000,2000,-39.80,-924.42
2.6598,78.08,125.93,1551,1449,1121,1879,-50.71,-379.48
2.6745,77.36,130.96,1591,1409,1131,1869,-91.16,-368.95
2.6884,78.25,123.79,1649,1351,1571,1429,-149.02,70.78
2.7011,81.24,101.83,1739,1261,2000,1000,-239.23,710.34
2.7138,80.17,115.62,1578,1422,1000,2000,-77.80,-717.85
2.7262,77.73,121.62,1518,1482,1074,1926,-17.90,-425.90
2.7389,77.98,123.20,1627,1373,1251,1749,-126.53,-248.57
2.7513,79.41,120.56,1677,1323,1424,1576,-176.51,-75.99
2.7638,79.33,114.36,1616,1384,1575,1425,-115.55,74.83
2.7797,77.63,130.98,1563,1437,1000,2000,-62.76,-720.78
2.7925,76.05,129.81,1552,1448,1349,1651,-52.15,-150.72
2.8050,74.80,131.51,1562,1438,1233,1767,-62.02,-267.00
2.8174,76.73,133.74,1693,1307,1208,1792,-192.75,-292.30
2.8301,81.25,96.40,1800,1200,2000,1000,-299.68,1323.68
2.8425,81.76,90.58,1643,1357,1597,1403,-143.08,96.99
2.8568,82.56,71.96,1652,1348,2000,1000,-151.71,541.27
2.8693,82.71,72.44,1630,1370,1370,1630,-129.99,-129.72
2.8820,81.74,71.99,1584,1416,1408,1592,-84.36,-92.14
2.8945,81.68,72.72,1620,1380,1360,1640,-120.08,-140.17
2.9068,80.89,62.33,1589,1411,1827,1173,-89.20,326.96
2.9194,77.89,51.66,1498,1502,1844,1156,2.21,344.00
2.9319,78.77,75.74,1653,1347,1000,2000,-153.38,-1078.75
2.9492,74.23,32.99,1480,1520,2000,1000,19.82,1184.11
2.9617,76.94,33.47,1724,1276,1429,1571,-223.88,-71.36
2.9745,70.23,13.85,1343,1657,2000,1000,156.68,743.67
2.9870,65.40,7.75,1405,1595,1730,1270,95.00,230.41
2.9996,68.10,11.94,1709,1291,1314,1686,-209.41,-186.15
3.0121,66.09,19.72,1519,1481,1157,1843,-18.87,-342.75
3.0263,63.54,19.25,1506,1494,1486,1514,-5.67,-14.30
3.0390,59.81,10.56,1443,1557,1824,1176,56.97,324.31
3.0515,55.73,7.87,1421,1579,1594,1406,79.42,93.81
3.0638,55.97,8.14,1594,1406,1475,1525,-93.91,-25.17
3.0759,54.99,7.20,1542,1458,1526,1474,-42.20,26.06
3.0877,52.91,5.45,1491,1509,1564,1436,8.55,63.99
3.0998,49.01,5.55,1413,1587,1486,1514,87.41,-14.45
3.1152,45.95,6.23,1470,1530,1467,1533,30.18,-33.41
3.1277,36.68,3.16,1184,1816,1616,1384,315.52,116.07
3.1401,31.49,1.16,1338,1662,1577,1423,161.77,76.91
3.1522,36.44,2.54,1759,1241,1437,1563,-259.48,-62.83
3.1646,37.79,2.50,1611,1389,1496,1504,-111.40,-4.13
3.1765,36.48,4.43,1500,1500,1410,1590,0.03,-89.73
3.1888,32.55,4.83,1389,1611,1474,1526,110.63,-25.50
3.2022,20.95,0.99,1099,1901,1640,1360,401.11,139.80
3.2145,12.58,-0.03,1179,1821,1540,1460,321.07,39.51
3.2267,11.67,0.51,1481,1519,1475,1525,19.48,-24.89
3.2385,11.03,1.70,1490,1510,1445,1555,10.26,-54.97
3.2504,13.48,3.80,1623,1377,1404,1596,-123.48,-95.93
3.2625,9.29,4.96,1341,1659,1443,1557,158.89,-57.37
3.2742,-0.70,1.12,1072,1928,1660,1340,427.65,160.42
3.2857,-4.01,1.69,1350,1650,1471,1529,149.61,-29.32
3.2984,-4.32,2.08,1482,1518,1480,1520,18.37,-20.47
3.3100,-7.59,0.88,1348,1652,1548,1452,152.02,48.40
3.3214,-11.75,0.92,1300,1700,1495,1505,199.77,-5.13
3.3336,-11.44,3.23,1496,1504,1398,1602,4.15,-101.52
3.3453,-14.65,1.63,1341,1659,1564,1436,158.85,63.93
3.3570,-18.05,0.98,1328,1672,1524,1476,172.07,24.31
3.3690,-16.08,0.21,1558,1442,1530,1470,-58.26,29.77
3.3809,-19.01,-1.48,1349,1651,1571,1429,151.33,71.23
3.3943,-17.73,0.23,1521,1479,1434,1566,-21.45,-66.15
3.4062,-17.60,1.16,1479,1521,1457,1543,20.65,-42.82
3.4184,-21.73,1.50,1298,1702,1482,1518,201.58,-18.19
3.4302,-23.04,2.70,1410,1590,1443,1557,89.79,-56.90
3.4421,-25.28,3.86,1368,1632,1443,1557,131.77,-56.53
3.4543,-29.25,2.61,1294,1706,1545,1455,206.32,45.31
3.4663,-27.40,0.96,1536,1464,1565,1435,-36.24,65.31
3.4782,-22.67,0.63,1665,1335,1511,1489,-164.98,10.92
3.4918,-23.40,4.72,1438,1562,1341,1659,61.70,-159.45
3.5038,-19.37,8.76,1639,1361,1317,1683,-139.10,-183.48
3.5161,-57.89,10.89,1000,2000,1395,1605,1652.47,-104.93
3.5281,-44.63,2.36,1986,1014,1850,1150,-485.77,349.87
3.5402,-40.71,1.56,1601,1399,1529,1471,-101.12,28.71
3.5522,-43.12,3.10,1335,1665,1429,1571,164.90,-70.83
3.5641,-39.73,3.39,1583,1417,1481,1519,-83.03,-19.28
3.5759,-41.80,4.44,1350,1650,1447,1553,150.24,-53.16
3.5896,-47.01,8.58,1239,1761,1334,1666,260.50,-165.98
3.6015,-58.35,13.59,1000,2000,1267,1733,563.85,-232.91
3.6139,-57.14,13.77,1463,1537,1470,1530,36.79,-29.94
3.6260,-55.92,14.05,1467,1533,1465,1535,33.35,-34.67
3.6383,-57.85,11.06,1335,1665,1603,1397,165.13,102.93
3.6504,-57.12,9.73,1445,1555,1538,1462,55.42,38.33
3.6624,-53.76,11.34,1559,1441,1414,1586,-59.44,-86.13
3.6802,-68.94,26.19,1000,2000,1042,1958,529.76,-458.46
3.6927,-67.55,24.08,1454,1546,1546,1454,45.69,46.23
3.7051,-65.97,22.47,1465,1535,1529,1471,35.23,29.16
3.7175,-66.25,18.16,1389,1611,1644,1356,110.66,144.49
3.7298,-74.00,22.90,1074,1926,1271,1729,426.06,-229.10
3.7424,-66.51,17.90,1697,1303,1669,1331,-197.43,169.49
3.7573,-73.36,35.78,1160,1840,1000,2000,339.96,-655.75
3.7699,-69.47,42.94,1550,1450,1149,1851,-50.09,-350.63
3.7827,-74.39,57.95,1196,1804,1000,2000,303.86,-675.36
3.7988,-74.53,50.46,1384,1616,1655,1345,116.26,154.80
3.8114,-77.41,58.17,1269,1731,1105,1895,230.53,-395.34
3.8237,-76.31,50.80,1430,1570,1721,1279,69.90,221.24
3.8364,-80.00,69.82,1235,1765,1000,2000,265.45,-855.72
3.8487,-77.10,82.38,1502,1498,1000,2000,-2.04,-636.33
3.8614,-76.88,92.53,1393,1607,1000,2000,106.87,-540.61
3.8742,-77.19,104.63,1372,1628,1000,2000,128.13,-631.84
3.8866,-73.62,107.64,1533,1467,1215,1785,-33.27,-285.09
3.9005,-72.46,117.15,1433,1567,1000,2000,67.23,-520.11
3.9132,-76.05,104.82,1244,1756,1826,1174,255.70,325.88
3.9256,-78.26,89.53,1293,1707,1980,1020,206.81,479.89
3.9383,-76.76,96.90,1444,1556,1062,1938,56.41,-437.88
3.9507,-76.15,101.57,1410,1590,1157,1843,89.97,-343.06
3.9673,-77.47,74.20,1344,1656,2000,1000,156.34,710.68
3.9797,-79.24,60.36,1309,1691,1965,1035,190.62,465.09
3.9924,-77.20,59.01,1464,1536,1462,1538,35.90,-37.82
4.0065,-76.84,86.67,1397,1603,1000,2000,102.93,-1113.33
4.0191,-77.58,78.79,1354,1646,1692,1308,146.19,192.02
4.0318,-79.18,55.71,1318,1682,2000,1000,182.23,822.59
4.0442,-70.32,16.88,1751,1249,2000,1000,-251.29,1537.89
4.0570,-70.66,13.47,1380,1620,1610,1390,119.78,110.48
4.0694,-73.63,24.93,1269,1731,1000,2000,230.73,-502.01
4.0822,-74.76,46.18,1343,1657,1000,2000,156.83,-901.88
4.0948,-70.45,35.06,1565,1435,1886,1114,-64.79,386.14
4.1072,-70.73,27.74,1382,1618,1751,1249,117.97,251.00
4.1238,-64.32,22.92,1596,1404,1608,1392,-95.99,108.24
4.1364,-71.60,33.21,1103,1897,1039,1961,396.91,-460.71
4.1492,-79.96,53.53,1053,1947,1000,2000,447.14,-876.62
4.1616,-72.97,40.77,1672,1328,1951,1049,-171.74,450.77
4.1744,-75.58,77.14,1284,1716,1000,2000,216.00,-1539.02
4.1868,-71.93,92.74,1539,1461,1000,2000,-38.59,-770.77
4.1994,-72.52,98.80,1367,1633,1109,1891,132.91,-391.33
4.2121,-74.94,86.11,1292,1708,1868,1132,208.42,367.76
4.2260,-76.91,100.52,1313,1687,1000,2000,186.98,-671.83
4.2387,-74.62,101.80,1477,1523,1294,1706,22.55,-205.83
4.2510,-70.89,111.45,1545,1455,1000,2000,-44.50,-562.21
4.2636,-67.87,122.72,1517,1483,1000,2000,-17.23,-634.09
4.2762,-70.75,114.19,1279,1721,1664,1336,221.24,164.39
4.2908,-71.09,117.00,1381,1619,1225,1775,119.13,-274.59
4.3036,-76.93,98.45,1156,1844,2000,1000,344.39,574.06
4.3160,-78.69,78.77,1310,1690,2000,1000,189.89,672.49
4.3297,-79.06,68.39,1367,1633,1773,1227,133.00,273.33
4.3420,-78.12,65.88,1420,1580,1500,1500,79.90,0.28
4.3542,-75.34,55.40,1500,1500,1843,1157,0.02,343.46
4.3665,-74.07,52.11,1440,1560,1553,1447,60.44,52.61
4.3786,-69.73,30.58,1574,1426,2000,1000,-73.76,840.83
4.3911,-72.75,20.30,1269,1731,1878,1122,230.92,377.78
4.4033,-58.70,9.05,1987,1013,1945,1055,-486.76,444.52
4.4151,-51.88,1.85,1710,1290,1799,1201,-210.14,299.33
4.4270,-44.03,-1.90,1763,1237,1657,1343,-262.75,157.44
4.4390,-35.40,-5.98,1805,1195,1676,1324,-305.44,176.00
4.4527,-32.56,-9.92,1554,1446,1656,1344,-53.76,155.71
4.4648,-29.11,-9.45,1598,1402,1492,1508,-97.84,-8.21
4.4770,-22.25,-7.55,1747,1253,1430,1570,-246.71,-69.51
4.4889,-23.98,-9.38,1390,1610,1588,1412,109.73,88.00
4.5012,-26.37,-10.87,1362,1638,1574,1426,137.79,73.91
4.5134,-21.53,-12.25,1665,1335,1572,1428,-164.98,71.97
4.5262,-13.02,-12.08,1812,1188,1509,1491,-311.81,8.52
4.5386,-14.96,-14.82,1398,1602,1630,1370,101.76,129.76
4.5511,-17.30,-16.23,1379,1621,1578,1422,120.64,77.80
4.5637,-22.37,-16.53,1264,1736,1534,1466,235.85,33.76
4.5802,-16.24,-14.02,1660,1340,1442,1558,-160.29,-57.97
4.5929,-19.16,-17.86,1355,1645,1675,1325,144.81,175.04
4.6058,-8.89,-20.02,1884,1116,1611,1389,-383.61,110.82
4.6182,-2.85,-19.69,1738,1262,1513,1487,-238.16,13.30
4.6304,-5.14,-24.11,1397,1603,1714,1286,102.68,214.39
4.6430,-14.29,-20.61,1114,1886,1389,1611,385.65,-110.89
4.6557,-24.52,-31.59,1059,1941,1977,1023,440.66,476.76
4.6687,-32.70,-33.98,1135,1865,1640,1360,364.80,140.00
4.6814,-28.10,-44.14,1638,1362,1963,1037,-137.81,463.32
4.6990,-5.60,-28.06,2000,1000,1082,1918,-629.66,-417.60
4.7117,0.73,-28.14,1749,1251,1542,1458,-249.17,42.49
4.7240,0.31,-28.50,1482,1518,1555,1445,17.75,54.52
4.7362,-6.81,-35.13,1197,1803,1822,1178,303.16,321.56
4.7488,-16.12,-53.13,1105,1895,2000,1000,394.77,791.14
4.7614,-20.64,-64.47,1289,1711,2000,1000,211.48,543.88
4.7743,-16.34,-60.28,1641,1359,1425,1575,-141.00,-74.79
4.7870,-16.02,-55.12,1487,1513,1377,1623,12.59,-123.26
4.8010,1.12,-47.31,2000,1000,1289,1711,-612.66,-210.74
4.8146,11.21,-32.88,1887,1113,1016,1984,-386.61,-483.97
4.8273,9.64,-33.88,1451,1549,1587,1413,48.51,87.43
4.8397,5.68,-50.03,1348,1652,2000,1000,152.31,723.50
4.8520,-3.27,-75.43,1130,1870,2000,1000,369.88,1142.93
4.8640,-9.97,-81.73,1205,1795,1882,1118,295.28,382.38
4.8788,-5.87,-71.84,1629,1371,1271,1729,-128.55,-229.05
4.8911,0.12,-62.61,1743,1257,1216,1784,-242.52,-283.96
4.9036,6.98,-62.39,1784,1216,1582,1418,-283.71,82.13
4.9159,7.27,-71.15,1522,1478,1960,1040,-21.54,460.18
4.9298,11.14,-75.12,1655,1345,1753,1247,-154.77,252.86
4.9424,12.25,-86.15,1561,1439,2000,1000,-61.27,564.32
4.9551,9.66,-88.44,1411,1589,1720,1280,88.62,220.24
4.9678,9.16,-76.78,1493,1507,1154,1846,7.09,-346.44
4.9842,7.52,-72.82,1460,1540,1486,1514,39.86,-14.04
4.9985,10.41,-73.42,1616,1384,1629,1371,-115.53,128.60
5.0114,8.68,-78.99,1445,1555,1832,1168,55.17,331.88
5.0238,7.27,-84.02,1453,1547,1826,1174,47.08,326.38
5.0364,8.94,-80.57,1579,1421,1481,1519,-78.55,-18.50
5.0502,5.97,-91.46,1400,1600,2000,1000,99.78,529.33
5.0627,6.13,-81.76,1514,1486,1232,1768,-14.47,-267.77
5.0752,3.10,-75.68,1382,1618,1368,1632,117.68,-132.07
5.0873,0.38,-78.04,1387,1613,1712,1288,112.95,212.21
5.0997,2.17,-82.32,1574,1426,1794,1206,-74.30,293.71
5.1118,0.35,-84.84,1424,1576,1729,1271,75.81,229.07
5.1242,-1.53,-87.53,1421,1579,1737,1263,79.23,237.46
5.1364,0.61,-84.98,1587,1413,1521,1479,-87.49,20.68
5.1489,-3.06,-78.12,1347,1653,1341,1659,152.52,-159.48
5.1609,1.14,-78.27,1676,1324,1621,1379,-175.58,121.41
5.1733,2.64,-87.47,1563,1437,2000,1000,-63.32,499.95
5.1869,-2.02,-94.92,1325,1675,1914,1086,175.48,414.08
5.1991,1.85,-98.79,1660,1340,1805,1195,-160.25,304.62
5.2113,3.61,-96.17,1576,1424,1535,1465,-76.42,34.73
5.2235,5.57,-89.58,1588,1412,1362,1638,-87.56,-137.84
5.2359,11.95,-73.29,1774,1226,1000,2000,-274.06,-549.03
5.2507,8.79,-77.13,1405,1595,1743,1257,94.69,243.34
5.2633,7.75,-80.57,1469,1531,1755,1245,30.76,255.30
5.2759,6.03,-88.26,1440,1560,1936,1064,60.33,435.50
5.2883,4.78,-104.98,1456,1544,2000,1000,44.35,829.64
5.3005,-2.52,-103.38,1196,1804,1588,1412,304.08,87.50
5.3142,4.41,-76.63,1758,1242,1000,2000,-258.42,-863.31
5.3265,7.65,-49.01,1642,1358,1000,2000,-142.07,-1051.21
5.3391,17.56,-47.65,1918,1082,1516,1484,-418.49,15.56
5.3517,10.47,-75.07,1233,1767,2000,1000,266.75,1198.77
5.3643,-11.68,-122.25,1000,2000,2000,1000,897.60,2053.70
5.3772,-21.61,-106.41,1082,1918,1044,1956,418.41,-456.21
5.3902,-6.23,-55.42,2000,1000,1000,2000,-581.08,-1879.88
5.4023,6.16,-41.23,2000,1000,1000,2000,-520.11,-526.37
5.4148,12.52,-41.75,1772,1228,1582,1418,-272.07,81.59
5.4277,7.73,-53.21,1325,1675,2000,1000,175.17,522.18
5.4398,10.34,-81.60,1622,1378,2000,1000,-122.25,1293.74
5.4563,2.10,-114.55,1252,1748,2000,1000,247.65,1168.54
5.4683,0.85,-67.50,1448,1552,1000,2000,51.91,-1860.92
5.4808,3.64,-33.14,1616,1384,1000,2000,-115.96,-1326.43
5.4934,1.51,-28.95,1417,1583,1375,1625,83.36,-124.58
5.5055,-15.56,-50.32,1000,2000,2000,1000,729.82,956.82
5.5184,-2.17,-36.90,2000,1000,1033,1967,-514.63,-466.52
5.5306,19.19,-43.31,2000,1000,1826,1174,-903.09,325.97
5.5436,17.64,-59.77,1466,1534,2000,1000,34.25,721.05
5.5563,-32.79,-112.49,1000,2000,2000,1000,2035.73,2242.67
5.5692,-21.02,-25.18,1924,1076,1000,2000,-423.56,-3347.99
5.5833,-3.32,-15.82,2000,1000,1190,1810,-621.57,-309.83
5.5956,-0.37,-20.33,1618,1382,1712,1288,-118.25,212.19
5.6080,-11.53,-13.32,1032,1968,1236,1764,468.41,-264.32
5.6224,-9.34,-14.93,1561,1439,1577,1423,-60.91,76.66
5.6350,-3.42,-11.26,1729,1271,1370,1630,-228.67,-130.38
5.6472,-0.46,13.32,1620,1380,1000,2000,-119.50,-1028.99
5.6597,25.49,9.40,2000,1000,1641,1359,-1075.12,141.06
5.6721,3.05,6.89,1000,2000,1589,1411,901.38,89.24
5.6857,0.17,14.94,1393,1607,1180,1820,106.74,-320.01
5.6980,-2.60,11.83,1382,1618,1607,1393,117.62,107.03
5.7118,-3.78,23.37,1450,1550,1045,1955,49.54,-454.82
5.7242,3.00,22.49,1777,1223,1500,1500,-276.77,0.09
5.7366,13.96,35.02,1962,1038,1000,2000,-461.76,-559.44
5.7494,-1.45,28.87,1000,2000,1695,1305,605.24,195.26
5.7618,-7.61,27.71,1239,1761,1504,1496,260.92,3.53
5.7741,-12.68,29.33,1274,1726,1388,1612,226.23,-111.54
5.7869,-8.72,28.16,1640,1360,1502,1498,-140.49,1.77
5.7995,-11.88,30.98,1356,1644,1340,1660,144.34,-160.08
5.8121,-5.43,41.55,1747,1253,1017,1983,-246.68,-483.48
5.8269,-0.60,36.81,1661,1339,1603,1397,-161.15,103.20
5.8405,-5.18,31.86,1323,1677,1632,1368,177.28,132.46
5.8530,-9.60,26.40,1308,1692,1677,1323,192.33,177.06
5.8653,-8.10,29.10,1548,1452,1345,1655,-47.70,-155.15
5.8779,-9.68,27.05,1422,1578,1539,1461,78.35,39.02
5.8904,1.24,40.19,1938,1062,1000,2000,-437.53,-587.65
5.9029,-2.85,50.37,1331,1669,1015,1985,169.01,-484.53
5.9149,-5.26,37.26,1391,1609,1989,1011,109.44,488.58
5.9275,-4.17,33.22,1536,1464,1609,1391,-35.86,108.69
5.9399,-8.11,32.79,1328,1672,1466,1534,172.17,-33.65
5.9526,-5.97,40.33,1574,1426,1141,1859,-74.16,-359.16
5.9649,-2.72,43.49,1627,1373,1304,1696,-126.90,-195.51
5.9772,-0.75,40.72,1578,1422,1550,1450,-77.82,49.69
5.9908,-3.74,41.99,1383,1617,1388,1612,116.68,-111.52
6.0033,-7.96,33.36,1318,1682,1793,1207,181.88,293.31
6.0196,-8.36,37.12,1474,1526,1327,1673,25.95,-172.88
6.0323,-3.54,33.78,1683,1317,1579,1421,-183.31,78.95
6.0469,6.00,36.31,1835,1165,1357,1643,-334.57,-142.99
6.0612,4.42,38.87,1450,1550,1350,1650,49.76,-149.71
6.0753,-2.56,37.52,1247,1753,1490,1510,252.50,-10.31
6.0915,-10.72,36.13,1231,1769,1487,1513,269.08,-13.21
6.1042,-8.47,42.14,1575,1425,1198,1802,-74.73,-301.75
6.1169,-6.97,41.29,1547,1453,1470,1530,-47.45,-30.41
6.1306,-3.91,38.98,1605,1395,1524,1476,-104.66,23.89
6.1432,-8.78,43.47,1292,1708,1255,1745,207.58,-245.34
6.1558,-8.40,43.32,1501,1499,1439,1561,-1.32,-61.00
6.1685,-9.72,45.60,1432,1568,1340,1660,67.71,-160.15
6.1808,-12.49,53.44,1368,1632,1099,1901,132.50,-400.85
6.1937,-2.77,52.59,1871,1129,1452,1548,-371.43,-47.95
6.2057,-7.00,35.97,1312,1688,2000,1000,187.91,636.53
6.2183,-9.62,26.64,1380,1620,1828,1172,119.56,328.25
6.2354,-17.20,27.75,1251,1749,1424,1576,248.61,-76.11
6.2483,-12.69,35.05,1655,1345,1162,1838,-154.60,-337.56
6.2611,-8.55,35.97,1648,1352,1408,1592,-147.72,-91.94
6.2751,2.07,19.73,1881,1119,2000,1000,-381.21,548.35
6.2874,-16.52,-1.04,1000,2000,2000,1000,781.65,843.81
6.2998,-18.73,-3.32,1382,1618,1595,1405,118.39,94.86
6.3120,-14.80,4.28,1638,1362,1180,1820,-137.68,-319.95
6.3246,0.10,17.80,2000,1000,1000,2000,-590.23,-565.27
6.3368,11.91,46.11,2000,1000,1000,2000,-500.70,-1231.48
6.3497,17.18,63.63,1729,1271,1000,2000,-228.85,-776.60
6.3625,10.18,-0.41,1241,1759,2000,1000,259.35,2500.09
6.3747,-13.12,-12.32,1000,2000,2000,1000,975.78,504.51
6.3876,-24.19,-13.95,1033,1967,1582,1418,466.54,82.02
6.4023,-7.92,0.73,2000,1000,1000,2000,-540.33,-502.50
6.4121,4.98,13.35,2000,1000,1000,2000,-664.44,-665.99
6.4281,4.25,37.76,1482,1518,1000,2000,17.63,-821.55
6.4407,38.13,26.06,2000,1000,1923,1077,-1400.46,423.09
6.4534,9.11,-14.75,1000,2000,2000,1000,1130.03,1626.72
6.4658,-11.53,-19.62,1000,2000,1724,1276,850.73,223.71
6.4788,-21.50,-19.39,1083,1917,1518,1482,416.90,18.15
6.4916,-14.14,-14.40,1765,1235,1325,1675,-265.10,-175.41
6.5046,-28.78,-21.01,1000,2000,1784,1216,607.44,283.66
6.5173,-62.96,-92.14,1000,2000,2000,1000,1441.32,2936.55
6.5301,28.13,-86.55,2000,1000,1409,1591,-3599.19,-90.57
6.5428,28.82,-31.02,1569,1431,1000,2000,-69.20,-2141.72
6.5557,20.60,-19.97,1211,1789,1100,1900,288.90,-400.36
6.5720,-3.69,-21.37,1000,2000,1573,1427,751.82,72.98
6.5846,-36.04,-47.01,1000,2000,2000,1000,1338.99,1085.97
6.5973,-47.23,-66.04,1000,2000,2000,1000,512.61,846.29
6.6099,-29.00,-47.52,2000,1000,1000,2000,-678.69,-665.62
6.6225,6.65,-40.72,2000,1000,1289,1711,-1423.44,-210.73
6.6351,32.76,-46.47,2000,1000,1796,1204,-1084.04,295.93
6.6478,34.66,-31.10,1626,1374,1000,2000,-125.59,-560.41
6.6605,28.53,-30.28,1300,1700,1511,1489,199.74,11.20
6.6736,20.96,-39.82,1241,1759,1922,1078,258.68,421.92
6.6881,-17.71,-57.22,1000,2000,2000,1000,1361.21,683.92
6.7031,-12.67,-58.57,1648,1352,1631,1369,-147.80,130.96
6.7157,-3.26,-52.05,1867,1133,1317,1683,-367.32,-182.54
6.7295,2.74,-59.09,1720,1280,1842,1158,-220.30,341.84
6.7416,16.65,-58.83,2000,1000,1576,1424,-598.57,75.65
6.7544,21.40,-46.61,1716,1284,1091,1909,-216.46,-409.27
6.7670,10.52,-51.92,1083,1917,1787,1213,417.15,286.77
6.7800,-6.55,-71.48,1000,2000,2000,1000,667.55,857.72
6.7925,-11.55,-62.55,1281,1719,1235,1765,218.52,-265.17
6.8052,-12.51,-66.04,1442,1558,1735,1265,57.76,234.69
6.8180,-0.72,-57.97,1958,1042,1270,1730,-458.27,-230.04
6.8301,6.26,-58.15,1797,1203,1593,1407,-296.63,92.92
6.8424,10.86,-58.10,1702,1298,1583,1417,-202.09,83.39
6.8552,7.08,-68.24,1362,1638,1997,1003,138.23,496.74
6.8672,5.15,-72.99,1426,1574,1806,1194,73.88,305.71
6.8796,1.18,-69.98,1341,1659,1482,1518,159.50,-18.08
6.8953,-3.67,-63.68,1339,1661,1393,1607,161.15,-106.78
6.9078,-2.94,-67.27,1524,1476,1743,1257,-23.60,242.86
6.9200,-5.69,-69.78,1378,1622,1706,1294,122.43,205.91
6.9325,2.01,-67.35,1810,1190,1502,1498,-309.82,2.22
6.9446,1.86,-75.90,1495,1505,1966,1034,4.60,465.57
6.9569,0.50,-82.72,1444,1556,1900,1100,55.72,399.75
6.9690,-3.02,-85.11,1349,1651,1725,1275,151.18,224.88
6.9810,-1.29,-79.22,1569,1431,1372,1628,-68.96,-128.12
6.9933,-4.65,-80.35,1355,1645,1665,1335,144.75,164.95
7.0058,-5.12,-77.05,1472,1528,1482,1518,27.67,-17.92
7.0180,-2.77,-74.98,1591,1409,1526,1474,-90.96,26.16
7.0320,1.04,-82.40,1636,1364,1887,1113,-136.44,387.15
7.0456,-0.97,-88.02,1423,1577,1837,1163,76.55,337.22
7.0580,-8.30,-85.74,1191,1809,1535,1465,309.21,35.27
7.0703,-4.33,-82.08,1654,1346,1473,1527,-153.69,-27.04
7.0827,-9.02,-77.44,1296,1704,1428,1572,203.84,-72.30
7.0952,-6.72,-77.62,1581,1419,1622,1378,-80.72,122.29
7.1074,-7.35,-81.87,1462,1538,1796,1204,38.05,295.66
7.1199,-6.96,-88.33,1504,1496,1890,1110,-3.96,389.59
7.1344,-6.57,-91.28,1502,1498,1737,1263,-2.39,237.37
7.1469,-9.08,-90.27,1385,1615,1594,1406,115.23,93.75
7.1594,-6.84,-86.83,1578,1422,1491,1509,-78.13,-8.59
7.1722,-6.83,-94.57,1489,1511,1943,1057,11.07,442.99
7.1845,-4.55,-95.26,1585,1415,1670,1330,-84.64,169.75
7.1966,-1.34,-84.21,1629,1371,1169,1831,-129.42,-331.46
7.2103,-3.31,-81.37,1422,1578,1517,1483,78.08,17.26
7.2228,-5.36,-89.01,1409,1591,1938,1062,91.26,438.00
7.2351,-10.37,-95.67,1280,1720,1913,1087,220.43,413.14
7.2479,-14.57,-100.42,1313,1687,1835,1165,187.14,335.11
7.2605,-8.73,-101.71,1717,1283,1703,1297,-217.43,202.71
7.2731,-11.35,-100.43,1378,1622,1599,1401,122.22,98.83
7.2856,-10.04,-95.49,1536,1464,1445,1555,-36.11,-55.36
7.2985,-4.79,-88.78,1695,1305,1372,1628,-195.07,-127.88
7.3111,-5.41,-87.98,1466,1534,1599,1401,33.95,99.27
7.3234,-4.10,-90.06,1546,1454,1719,1281,-45.87,218.71
7.3358,-8.16,-101.06,1323,1677,2000,1000,177.19,594.24
7.3480,-15.39,-107.95,1179,1821,1943,1057,320.64,443.43
7.3627,-15.27,-103.51,1480,1520,1503,1497,20.07,3.40
7.3767,-8.99,-97.70,1710,1290,1438,1562,-209.55,-61.77
7.3893,-6.19,-98.99,1601,1399,1699,1301,-100.58,198.88
7.4015,-2.26,-93.71,1656,1344,1423,1577,-156.43,-76.60
7.4138,-5.18,-92.81,1372,1628,1602,1398,127.72,101.88
7.4261,-8.45,-97.92,1353,1647,1854,1146,146.85,353.88
7.4385,-11.43,-109.70,1361,1639,2000,1000,138.56,638.85
7.4537,-15.93,-112.52,1327,1673,1761,1239,173.18,260.88
7.4663,-15.29,-107.16,1501,1499,1447,1553,-1.20,-52.59
7.4792,-10.11,-102.14,1684,1316,1458,1542,-184.34,-41.97
7.4917,-5.95,-93.49,1656,1344,1294,1706,-156.21,-206.35
7.5038,-6.93,-93.99,1448,1552,1661,1339,52.16,161.08
7.5156,-5.01,-96.33,1573,1427,1743,1257,-72.57,243.11
7.5274,-7.26,-106.97,1392,1608,2000,1000,107.50,610.79
7.5399,-10.41,-114.47,1357,1643,1971,1029,142.89,471.22
7.5562,-16.04,-107.15,1302,1698,1436,1564,198.04,-64.27
7.5689,-17.72,-102.13,1406,1594,1455,1545,94.01,-44.87
7.5815,-12.94,-95.61,1669,1331,1384,1616,-168.99,-115.72
7.5942,-9.16,-90.20,1634,1366,1422,1578,-133.79,-78.07
7.6063,-5.37,-94.07,1647,1353,1801,1199,-147.27,300.67
7.6185,-2.02,-112.58,1633,1367,2000,1000,-132.97,927.15
7.6306,-3.22,-124.97,1444,1556,2000,1000,55.71,699.14
7.6425,-4.84,-119.20,1423,1577,1436,1564,76.62,-63.91
7.6545,-9.31,-108.43,1298,1702,1214,1786,201.51,-286.35
7.6687,-13.74,-93.74,1322,1678,1123,1877,177.90,-376.86
7.6811,-16.13,-91.89,1378,1622,1563,1437,121.87,63.04
7.6941,-13.32,-106.40,1587,1413,2000,1000,-86.79,717.51
7.7064,-7.82,-117.86,1711,1289,2000,1000,-210.54,642.51
7.7201,-4.46,-114.09,1615,1385,1533,1467,-114.63,33.44
7.7345,-7.72,-107.42,1374,1626,1429,1571,126.09,-70.54
7.7469,-9.98,-99.23,1393,1607,1319,1681,107.41,-181.45
7.7595,-13.49,-97.31,1339,1661,1570,1430,160.84,69.75
7.7722,-12.33,-101.80,1526,1474,1829,1171,-25.85,329.47
7.7850,-10.23,-113.41,1565,1435,2000,1000,-65.36,623.66
7.7976,-10.19,-113.27,1485,1515,1664,1336,15.02,164.41
7.8105,-8.44,-106.70,1554,1446,1405,1595,-53.84,-94.52
7.8228,-9.72,-106.68,1432,1568,1659,1341,67.94,159.32
7.8354,-10.27,-102.08,1461,1539,1471,1529,38.56,-29.28
7.8482,-9.28,-99.36,1523,1477,1543,1457,-23.42,42.95
7.8605,-9.84,-100.11,1461,1539,1681,1319,38.86,180.84
7.8729,-10.33,-107.30,1463,1537,1951,1049,36.59,451.08
7.8856,-9.73,-111.79,1508,1492,1845,1155,-7.68,344.70
7.8993,-7.76,-104.41,1559,1441,1388,1612,-58.91,-112.46
7.9117,-6.20,-98.19,1552,1448,1397,1603,-52.26,-103.23
7.9238,-8.24,-104.90,1402,1598,1935,1065,98.01,434.94
7.9386,-8.31,-105.36,1484,1516,1674,1326,16.18,173.93
7.9509,-7.08,-107.47,1538,1462,1747,1253,-38.03,247.35
7.9634,-11.75,-107.93,1294,1706,1681,1319,205.78,180.70
7.9761,-11.66,-105.87,1485,1515,1578,1422,15.31,78.13
7.9889,-9.47,-100.56,1570,1430,1444,1556,-69.98,-56.12
8.0012,-9.16,-102.57,1497,1503,1736,1264,2.50,236.04
8.0138,-6.05,-103.01,1613,1387,1672,1328,-112.97,172.48
8.0260,-6.86,-108.68,1455,1545,1896,1104,44.85,395.93
8.0386,-11.38,-109.46,1302,1698,1696,1304,197.81,195.70
8.0529,-12.50,-102.13,1441,1559,1397,1603,59.28,-102.51
8.0656,-10.64,-97.60,1556,1444,1469,1531,-55.89,-31.33
8.0799,-7.97,-98.10,1580,1420,1665,1335,-80.02,165.28
8.0918,-7.53,-101.32,1506,1494,1788,1212,-5.81,287.94
8.1039,-11.33,-103.83,1325,1675,1760,1240,175.40,260.16
8.1185,-12.98,-111.25,1423,1577,1922,1078,77.36,421.71
8.1312,-10.45,-104.35,1583,1417,1386,1614,-82.54,-114.38
8.1442,-7.11,-98.24,1616,1384,1413,1587,-116.40,-86.86
8.1562,-5.09,-97.51,1575,1425,1617,1383,-75.14,116.65
8.1683,-6.12,-100.15,1447,1553,1760,1240,53.14,260.14
8.1806,-9.83,-104.48,1333,1667,1834,1166,166.95,333.59
8.1929,-10.94,-108.00,1437,1563,1806,1194,62.93,305.97
8.2054,-8.95,-104.45,1565,1435,1516,1484,-64.77,15.58
8.2175,-8.05,-102.80,1524,1476,1587,1413,-23.71,86.95
8.2301,-8.84,-99.14,1454,1546,1504,1496,46.02,4.43
8.2425,-11.40,-96.87,1378,1622,1555,1445,121.73,54.75
8.2569,-13.22,-103.57,1416,1584,1889,1111,84.44,389.00
8.2696,-10.22,-105.88,1601,1399,1751,1249,-101.37,250.80
8.2823,-7.37,-106.61,1600,1400,1690,1310,-99.73,189.72
8.2947,-6.49,-105.00,1524,1476,1594,1406,-24.33,93.67
8.3068,-8.00,-99.50,1424,1576,1423,1577,75.82,-76.91
8.3192,-11.25,-96.41,1351,1649,1521,1479,149.35,21.15
8.3320,-11.40,-101.18,1476,1524,1839,1161,24.39,339.26
8.3469,-11.30,-106.34,1485,1515,1834,1166,15.02,333.86
8.3599,-9.12,-105.32,1569,1431,1620,1380,-68.73,119.97
8.3723,-8.40,-100.09,1515,1485,1440,1560,-15.00,-59.51
8.3846,-9.08,-97.56,1457,1543,1545,1455,42.70,44.76
8.3972,-9.19,-97.70,1480,1520,1653,1347,19.59,153.40
8.4095,-10.28,-100.31,1439,1561,1758,1242,61.17,257.88
8.4224,-10.91,-103.16,1458,1542,1767,1233,42.23,266.55
8.4365,-10.40,-105.85,1501,1499,1756,1244,-1.04,255.54
8.4494,-8.77,-104.24,1549,1451,1595,1405,-48.57,95.36
8.4616,-8.66,-100.34,1490,1510,1492,1508,9.93,-7.90
8.4743,-12.50,-98.28,1329,1671,1568,1432,171.39,67.77
8.4868,-11.35,-97.34,1528,1472,1610,1390,-27.52,109.89
8.4996,-10.06,-100.57,1534,1466,1779,1221,-33.84,278.53
8.5144,-7.37,-103.13,1578,1422,1743,1257,-78.36,242.71
8.5269,-7.72,-105.09,1473,1527,1738,1262,27.04,237.59
8.5391,-8.99,-103.27,1433,1567,1582,1418,67.00,81.90
8.5518,-8.39,-99.85,1510,1490,1517,1483,-9.57,16.74
8.5642,-8.35,-95.84,1488,1512,1484,1516,12.38,-16.30
8.5769,-8.84,-95.65,1466,1534,1638,1362,34.02,137.65
8.5894,-8.06,-100.34,1518,1482,1840,1160,-17.64,339.79
8.6018,-11.03,-102.89,1362,1638,1759,1241,137.78,258.87
8.6168,-11.97,-107.73,1449,1551,1825,1175,50.77,324.67
8.6311,-8.78,-103.83,1597,1403,1521,1479,-96.89,21.15
8.6437,-6.70,-96.86,1571,1429,1370,1630,-71.00,-129.50
8.6558,-6.85,-93.10,1482,1518,1486,1514,17.96,-13.90
8.6707,-8.60,-94.79,1427,1573,1701,1299,73.11,200.74
8.6830,-10.97,-102.34,1386,1614,1962,1038,114.29,462.29
8.6975,-10.89,-111.22,1485,1515,1975,1025,15.07,474.94
8.7105,-11.06,-105.66,1475,1525,1447,1553,24.63,-53.43
8.7232,-8.33,-96.41,1593,1407,1282,1718,-93.49,-217.60
8.7356,-7.50,-90.42,1521,1479,1396,1604,-20.72,-103.93
8.7482,-6.94,-92.26,1510,1490,1713,1287,-10.31,213.41
8.7607,-8.83,-102.38,1410,1590,2000,1000,90.35,560.40
8.7733,-9.67,-109.96,1451,1549,1968,1032,49.35,467.79
8.7858,-9.71,-109.22,1482,1518,1636,1364,17.68,136.31
8.7996,-10.77,-102.36,1444,1556,1407,1593,56.07,-92.90
8.8120,-10.27,-95.65,1503,1497,1375,1625,-3.24,-124.96
8.8280,-10.18,-90.95,1486,1514,1492,1508,13.98,-8.29
8.8409,-7.35,-99.05,1597,1403,1965,1035,-97.14,464.72
8.8533,-6.24,-106.40,1534,1466,1958,1042,-33.88,458.18
8.8656,-7.42,-107.54,1439,1561,1710,1290,60.62,209.89
8.8781,-9.23,-103.67,1412,1588,1503,1497,87.77,2.97
8.8905,-9.63,-97.08,1468,1532,1382,1618,32.10,-117.82
8.9032,-13.27,-94.92,1335,1665,1560,1440,164.75,59.66
8.9160,-15.29,-96.27,1397,1603,1699,1301,103.38,199.48
8.9287,-10.85,-97.39,1657,1343,1693,1307,-156.99,192.54
8.9416,-5.75,-97.59,1688,1312,1657,1343,-187.51,156.53
8.9547,-5.22,-109.54,1511,1489,2000,1000,-10.86,622.83
8.9671,-5.25,-115.40,1489,1511,1912,1088,10.63,411.84
8.9793,-7.60,-101.04,1391,1609,1066,1934,109.26,-434.49
8.9918,-9.48,-90.11,1409,1591,1200,1800,90.97,-299.54
9.0041,-15.73,-91.91,1221,1779,1714,1286,279.21,213.55
9.0207,-14.45,-101.63,1515,1485,1948,1052,-15.32,447.77
9.0334,-9.72,-103.61,1670,1330,1736,1264,-170.08,235.94
9.0460,-6.61,-104.30,1612,1388,1686,1314,-111.94,186.43
9.0581,-6.11,-104.17,1510,1490,1654,1346,-9.93,153.51
9.0703,-6.33,-100.04,1480,1520,1483,1517,20.08,-16.55
9.0842,-8.13,-94.33,1421,1579,1439,1561,78.51,-61.22
9.0969,-12.72,-96.03,1299,1701,1714,1286,201.36,213.68
9.1096,-16.48,-103.32,1326,1674,1945,1055,174.32,444.72
9.1226,-11.72,-100.87,1664,1336,1560,1440,-163.92,59.83
9.1352,-7.96,-96.11,1636,1364,1458,1542,-135.69,-41.94
9.1476,-7.57,-99.32,1503,1497,1781,1219,-2.79,281.22
9.1599,-6.13,-101.24,1548,1452,1733,1267,-47.76,232.74
9.1718,-7.71,-98.24,1420,1580,1524,1476,79.54,24.16
9.1841,-8.70,-99.12,1445,1555,1687,1313,54.88,187.33
9.2001,-10.36,-100.68,1431,1569,1703,1297,69.00,202.68
9.2131,-10.35,-96.54,1483,1517,1489,1511,16.73,-11.49
9.2256,-9.50,-96.05,1518,1482,1627,1373,-18.16,127.43
9.2381,-8.15,-100.50,1540,1460,1832,1168,-40.18,331.73
9.2507,-6.72,-98.91,1545,1455,1588,1412,-45.07,88.28
9.2631,-6.81,-100.60,1485,1515,1722,1278,15.44,222.08
9.2757,-10.33,-103.66,1343,1657,1780,1220,156.78,279.98
9.2884,-8.77,-97.66,1547,1453,1413,1587,-46.66,-86.65
9.3010,-7.65,-93.31,1531,1469,1470,1530,-31.36,-29.55
9.3133,-8.94,-100.43,1433,1567,1943,1057,67.46,443.21
9.3260,-10.35,-107.73,1427,1573,1952,1048,72.65,452.16
9.3385,-8.57,-98.79,1557,1443,1294,1706,-56.73,-206.23
9.3509,-7.67,-91.10,1523,1477,1330,1670,-23.17,-170.22
9.3635,-11.10,-99.90,1346,1654,2000,1000,154.38,502.29
9.3760,-13.54,-104.09,1380,1620,1827,1173,119.53,326.99
9.3911,-9.74,-96.52,1610,1390,1397,1603,-109.59,-102.60
9.4051,-7.32,-96.23,1574,1426,1637,1363,-73.82,137.30
9.4175,-7.18,-103.09,1493,1507,1935,1065,6.75,434.59
9.4297,-7.19,-102.30,1487,1513,1624,1376,12.82,124.44
9.4423,-9.16,-98.31,1406,1594,1493,1507,93.55,-7.48
9.4547,-11.87,-95.26,1371,1629,1523,1477,128.71,23.32
9.4677,-12.33,-94.57,1462,1538,1619,1381,37.83,118.75
9.4803,-9.96,-97.85,1577,1423,1780,1220,-77.47,280.40
9.4929,-9.26,-103.40,1512,1488,1879,1121,-12.24,378.83
9.5055,-7.21,-106.82,1569,1431,1799,1201,-68.89,299.46
9.5179,-7.19,-101.64,1488,1512,1447,1553,11.63,-52.87
9.5304,-9.00,-96.79,1412,1588,1455,1545,87.55,-45.25
9.5428,-10.73,-93.47,1412,1588,1510,1490,87.50,9.92
9.5558,-11.78,-91.58,1440,1560,1568,1432,59.71,68.29
9.5704,-9.09,-97.81,1577,1423,1864,1136,-76.83,363.71
9.5830,-8.75,-103.72,1499,1501,1894,1106,1.29,393.77
9.5954,-7.04,-104.44,1557,1443,1689,1311,-56.73,189.38
9.6095,-8.17,-99.23,1446,1554,1468,1532,53.99,-32.19
9.6218,-9.56,-96.54,1427,1573,1539,1461,72.51,39.20
9.6345,-10.19,-94.43,1458,1542,1562,1438,41.76,62.34
9.6471,-9.73,-94.83,1502,1498,1662,1338,-1.99,161.91
9.6596,-8.98,-99.47,1515,1485,1839,1161,-14.86,338.62
9.6723,-8.00,-102.58,1525,1475,1780,1220,-24.91,280.15
9.6863,-8.54,-99.43,1466,1534,1541,1459,33.77,40.52
9.6988,-9.01,-96.68,1466,1534,1539,1461,34.00,38.91
9.7110,-9.28,-97.41,1473,1527,1680,1320,26.67,179.95
9.7265,-10.62,-96.16,1439,1561,1608,1392,60.84,107.87
9.7391,-10.35,-96.32,1494,1506,1655,1345,6.50,154.80
9.7521,-9.34,-101.55,1523,1477,1857,1143,-23.15,357.48
9.7645,-6.85,-100.03,1588,1412,1593,1407,-88.44,92.78
9.7770,-5.85,-100.20,1530,1470,1661,1339,-29.53,161.15
9.7895,-8.29,-97.54,1388,1612,1544,1456,111.73,43.98
9.8042,-10.81,-94.48,1396,1604,1542,1458,103.63,41.74
9.8187,-12.93,-95.22,1406,1594,1672,1328,94.20,172.48
9.8313,-9.35,-97.77,1626,1374,1752,1248,-126.33,252.00
9.8439,-7.74,-100.19,1551,1449,1750,1250,-50.57,250.50
9.8558,-8.98,-104.55,1433,1567,1844,1156,67.28,344.22
9.8706,-9.02,-99.73,1483,1517,1491,1509,16.59,-9.01
9.8830,-9.33,-93.37,1472,1528,1388,1612,28.21,-112.14
9.8955,-11.54,-92.83,1393,1607,1622,1378,107.43,121.92
9.9086,-11.03,-99.49,1501,1499,1908,1092,-1.20,407.74
9.9212,-10.90,-99.35,1487,1513,1648,1352,12.91,147.80
9.9341,-11.04,-101.11,1476,1524,1724,1276,23.71,224.24
9.9467,-8.05,-101.18,1605,1395,1659,1341,-104.85,158.93
9.9594,-6.79,-97.47,1538,1462,1505,1495,-37.69,4.55
9.9718,-8.36,-95.18,1422,1578,1555,1445,77.58,54.86
9.9844,-9.52,-96.84,1438,1562,1716,1284,62.05,215.59
9.9968,-10.89,-95.11,1427,1573,1577,1423,73.31,77.39
