time_s,ax,ay,az,gx,gy,gz,raw_pitch,kalman_pitch
0.0002,2088,-136,16004,962,-817,60,-7.43,-0.00
0.0161,1732,-160,16520,1250,-323,220,-5.98,-0.04
0.0358,760,288,17100,1229,895,-127,-2.54,0.09
0.0505,700,504,17172,1244,1093,-790,-2.33,0.21
0.0648,1720,184,17892,801,1348,-1108,-5.49,0.34
0.0830,2180,232,18080,165,2352,-1130,-6.87,0.65
0.0987,2244,588,18060,-390,1972,-847,-7.08,0.86
0.1170,2288,252,17724,-960,228,-358,-7.35,0.86
0.1317,2712,-568,17328,-1255,1153,-103,-8.89,0.94
0.1478,1808,-548,16800,-1327,3436,17,-6.14,1.33
0.1645,964,-8,16416,-1060,3959,-105,-3.36,1.80
0.1806,628,376,16144,-652,2450,-306,-2.23,2.08
0.1949,2440,588,21708,-2308,1577,320,-6.41,2.19
0.2131,1404,-20,15240,-1785,2391,-199,-5.26,2.47
0.2279,-196,536,15456,-786,1992,-186,0.73,2.68
0.2425,452,740,15648,63,2189,-456,-1.65,2.88
0.2605,16,488,15472,1106,4338,-1042,-0.06,3.45
0.2749,724,380,15224,2176,4405,-1262,-2.72,3.87
0.2909,1488,272,15776,2601,2304,-712,-5.39,4.05
0.3076,844,16,17844,2327,1589,-221,-2.71,4.18
0.3233,1000,-184,18164,1397,2634,-135,-3.15,4.41
0.3379,592,-240,17524,571,4917,-176,-1.93,4.88
0.3522,-1660,892,17044,1459,7994,-1611,5.56,5.74
0.3704,-320,124,17072,346,7783,-1853,1.07,6.75
0.3847,324,124,16228,327,6603,-1425,-1.14,7.35
0.4007,744,468,16480,583,2939,-131,-2.58,7.57
0.4173,-472,144,15884,1251,3384,356,1.70,7.90
0.4316,-880,-100,16544,1644,5295,169,3.04,8.39
0.4476,-788,80,17620,1453,8377,-105,2.56,9.30
0.4643,-1040,-196,17284,1424,10668,-209,3.44,10.54
0.4793,-2244,-180,16384,2154,11346,-770,7.80,11.76
0.4956,-2660,-80,15992,2756,10021,-1097,9.44,12.94
0.5129,-2112,-180,15220,3408,10729,-1322,7.90,14.23
0.5280,-1692,-8,15656,4006,12307,-1004,6.17,15.46
0.5444,-3424,892,17296,3590,12290,-715,11.18,16.88
0.5619,-4464,1104,17844,2604,11223,-853,14.02,18.28
0.5772,-3776,1264,17160,2030,10070,-791,12.38,19.30
0.5964,-3012,1732,17448,1358,7850,-271,9.75,20.21
0.6118,-4228,1708,16880,428,7591,251,13.99,20.93
0.6274,-5240,1348,16248,-422,5803,55,17.82,21.52
0.6485,-4464,1320,15280,-720,2439,265,16.23,21.75
0.6641,-4236,1184,15288,-683,1337,809,15.44,21.74
0.6832,-5156,1480,16440,-842,-247,1082,17.35,21.57
0.6990,-5348,1648,16744,-1222,-1619,1212,17.63,21.26
0.7168,-4836,1264,16292,-1138,-3670,926,16.49,20.63
0.7337,-3292,952,16304,-678,-3829,1184,11.40,19.88
0.7513,-3616,788,15640,-158,-2166,1247,13.00,19.38
0.7668,-3964,1176,15672,515,-3840,1395,14.16,18.77
0.7837,-4004,808,14368,2125,-6196,1565,15.55,17.87
0.8013,-1968,480,14144,4762,-6707,2036,7.92,16.68
0.8165,-3192,892,14764,7114,-6949,2207,12.18,15.73
0.8356,-2992,1940,16652,8476,-7610,1990,10.12,14.45
0.8518,-3552,2188,16064,9404,-6341,1372,12.36,13.58
0.8676,-3100,2540,15668,10782,-6312,810,11.05,12.73
0.8867,-2936,3088,17564,11652,-6677,555,9.35,11.63
0.9022,-3680,3672,19064,10785,-4444,-298,10.73,11.05
0.9230,-3788,4324,18968,9317,1137,-1517,11.02,11.17
0.9386,-2604,4660,17332,8660,2424,-1859,8.26,11.31
0.9560,-1532,4464,15112,8818,-80,-988,5.55,11.07
0.9727,-1684,4480,16884,9098,-2274,-288,5.51,10.56
0.9881,-2412,5008,17924,8287,-1358,-497,7.38,10.25
1.0052,-3128,5420,17220,8090,-826,-843,9.83,10.08
1.0204,-2276,5320,16276,7924,-1715,-898,7.57,9.75
1.0366,-1668,5048,14916,7929,-3102,-649,6.05,9.21
1.0532,-1212,4508,14644,8818,-2581,-733,4.52,8.68
1.0682,-524,5052,13752,9776,-2847,-199,2.05,8.08
1.0829,-1048,5848,15160,10383,-3626,472,3.69,7.48
1.1011,-3184,6436,15748,10230,-1369,169,10.60,7.34
1.1163,-3752,6096,15604,9594,1069,-884,12.62,7.59
1.1314,-872,6500,14468,9520,1948,-857,3.15,7.60
1.1495,-776,6604,14372,10170,809,-621,2.81,7.47
1.1643,-1128,7032,14456,10737,-359,-454,4.01,7.25
1.1789,-888,7600,14348,10639,-1609,76,3.13,6.87
1.1960,-1116,7772,14136,10492,-2607,674,3.96,6.37
1.2121,-1484,7788,13924,10354,-2480,685,5.31,5.97
1.2268,-1116,7892,13664,10229,-1476,640,4.05,5.68
1.2436,-736,8504,13408,10331,-958,585,2.65,5.38
1.2606,-636,8868,13628,10459,-744,603,2.24,5.10
1.2820,-1172,9736,14020,10285,-1183,548,3.93,4.78
1.2984,-1152,10232,13908,9489,-1433,302,3.82,4.50
1.3153,-1416,10412,13488,8690,-1565,421,4.75,4.24
1.3313,-1948,10268,13396,8090,-594,193,6.58,4.19
1.3462,-1624,10588,13780,7307,684,-508,5.34,4.24
1.3654,-1416,11344,13652,6469,1968,-1111,4.56,4.45
1.3800,-1288,11332,12860,6158,1531,-1202,4.30,4.55
1.3960,-624,10904,11616,6064,772,-782,2.24,4.48
1.4130,-740,11032,11320,6191,294,-216,2.68,4.37
1.4274,-168,11432,11468,6497,-309,326,0.59,4.13
1.4420,-512,11680,11424,6653,-1030,771,1.79,3.86
1.4600,-852,11620,11248,7025,-1643,1134,3.02,3.53
1.4746,-1572,11632,11084,7149,-1381,820,5.59,3.40
1.4892,-1492,11700,11096,7163,-880,135,5.29,3.31
1.5039,-916,12060,11392,7086,-435,-176,3.16,3.19
1.5216,-888,12432,11416,6977,-296,-189,3.01,3.07
1.5361,-1208,12704,11112,6928,-371,-71,4.09,3.00
1.5507,-1516,12880,10924,6764,-70,-81,5.13,3.01
1.5688,-1504,12668,10736,6672,477,-408,5.18,3.09
1.5836,-1028,11992,10064,6439,679,-730,3.76,3.12
1.5982,-624,12056,9444,6312,474,-743,2.33,3.08
1.6127,-884,12776,9544,6340,528,-618,3.17,3.08
1.6306,-960,13308,9820,6447,347,-583,3.32,3.06
1.6453,-624,13412,9644,6363,96,-361,2.16,2.97
1.6596,-580,13480,9556,6054,-115,-62,2.01,2.86
1.6780,-1524,13884,9432,5281,-533,116,5.19,2.80
1.6940,-1540,13820,9228,4747,-242,-85,5.29,2.80
1.7086,-1152,13752,9076,4629,341,-504,4.00,2.83
1.7250,-532,13748,8960,4745,647,-810,1.86,2.80
1.7397,-340,13684,8732,4495,480,-616,1.20,2.73
1.7541,-656,13932,8720,4289,90,-350,2.29,2.66
1.7734,-1120,13988,8536,3891,-285,-254,3.91,2.59
1.7879,-1324,14016,8448,3625,-157,-459,4.63,2.59
1.8024,-988,14008,8580,3356,130,-455,3.44,2.58
1.8166,-868,13776,8412,3140,233,-402,3.08,2.57
1.8342,-940,13916,8056,3035,439,-407,3.35,2.59
1.8487,-1316,14180,7848,3039,674,-458,4.64,2.68
1.8634,-1596,14296,7756,2853,469,-389,5.60,2.79
1.8801,-1328,14048,7940,2308,43,-258,4.70,2.81
1.8947,-932,14160,8064,1583,-53,-146,3.27,2.77
1.9106,-1428,14476,8128,835,148,-72,4.92,2.81
1.9289,-1116,14988,7904,423,155,-211,3.77,2.81
1.9435,-928,14612,7996,414,353,-366,3.19,2.81
1.9579,-112,14420,7940,521,573,-314,0.39,2.72
1.9725,-224,14036,7888,309,413,-36,0.80,2.63
1.9904,-948,14064,7812,-208,53,286,3.37,2.60
2.0048,-1348,14128,7864,-518,134,221,4.77,2.65
2.0195,-1076,14124,7712,-806,234,71,3.83,2.67
2.0363,-768,14340,7664,-957,482,56,2.70,2.67
2.0520,-384,14636,7952,-1305,574,123,1.32,2.62
2.0664,-1088,14588,8156,-1702,537,259,3.72,2.67
2.0830,-1156,14512,8240,-2364,596,186,3.96,2.74
2.0977,-844,14424,7968,-2721,582,208,2.93,2.76
2.1121,-608,14168,8240,-3188,412,437,2.12,2.72
2.1281,-788,14300,8624,-3786,229,705,2.70,2.69
2.1448,-1212,14228,8664,-4671,223,895,4.16,2.72
2.1593,-1372,14016,8348,-5468,62,1053,4.81,2.76
2.1741,-1344,13648,8752,-6220,5,1143,4.74,2.79
2.1885,-628,13400,9232,-6713,200,1084,2.21,2.74
2.2062,-320,13172,9836,-6821,859,914,1.12,2.72
2.2208,0,13256,10104,-6518,1935,417,-0.00,2.77
2.2335,-836,13348,10156,-6303,2965,-135,2.85,3.00
2.2481,-1300,13388,9912,-6529,3077,-568,4.46,3.34
2.2661,-1520,13112,9880,-7669,2323,-70,5.29,3.66
2.2809,-1680,12540,9824,-9168,1024,906,6.02,3.82
2.2954,-1668,12024,10344,-10472,83,1393,6.00,3.87
2.3122,-992,12000,11036,-10986,252,885,3.48,3.83
2.3268,-724,12024,11552,-10511,1314,-10,2.49,3.86
2.3426,-796,12036,11832,-10060,2520,-572,2.70,4.06
2.3590,-1484,11932,11792,-10536,2465,-494,5.06,4.34
2.3737,-1480,11368,11796,-11566,1536,-285,5.16,4.49
2.3886,-876,10856,11976,-12245,1461,-96,3.10,4.54
2.4031,-772,10152,12308,-12283,1646,-334,2.77,4.59
2.4211,-324,10888,12936,-12238,1769,-360,1.10,4.62
2.4358,-1012,11020,13256,-12389,1078,-36,3.36,4.63
2.4503,-920,10552,13612,-12613,828,225,3.06,4.60
2.4649,-936,10048,13600,-12342,716,139,3.17,4.57
2.4828,-828,9360,13628,-11789,794,214,2.87,4.54
2.4976,-816,8660,14000,-11362,521,272,2.84,4.47
2.5120,-1460,8288,13856,-11429,412,218,5.17,4.48
2.5289,-1764,8648,14464,-11598,475,229,5.98,4.54
2.5438,-1152,8288,14828,-11487,-51,328,3.88,4.45
2.5598,-1264,8048,14952,-11257,-390,693,4.26,4.33
2.5766,-1396,7356,15100,-11306,-561,921,4.75,4.22
2.5914,-1212,6748,15092,-11366,-405,1006,4.19,4.11
2.6063,-760,6412,15000,-11117,-1021,1167,2.67,3.89
2.6206,-424,5884,14828,-10745,-1518,1563,1.52,3.58
2.6387,-600,5324,15108,-10306,-1444,1853,2.15,3.26
2.6534,-740,4856,15840,-9944,-1293,1736,2.56,3.03
2.6744,-1148,4724,16220,-9535,-888,1501,3.89,2.85
2.6891,-1192,4900,16052,-9429,-809,1242,4.06,2.75
2.7039,-1148,4692,15884,-9413,-214,1068,3.97,2.72
2.7222,-816,3904,16256,-9383,703,814,2.79,2.75
2.7368,-888,3488,16356,-9703,944,551,3.04,2.80
2.7513,-764,3428,16640,-9995,962,415,2.57,2.84
2.7680,-960,3416,16836,-10189,1860,237,3.20,3.02
2.7827,-636,2972,16512,-9791,2018,207,2.17,3.14
2.7972,-488,2696,16708,-9317,1917,250,1.65,3.23
2.8157,-1092,2376,17088,-9210,1739,235,3.62,3.41
2.8303,-1068,2068,17216,-9806,1247,114,3.52,3.49
2.8451,-1224,1664,17012,-10354,1413,77,4.10,3.61
2.8599,-992,1280,16684,-10334,894,106,3.39,3.64
2.8765,-1344,736,16536,-10017,734,151,4.64,3.70
2.8923,-760,324,16592,-9455,950,167,2.62,3.71
2.9069,-748,-64,16712,-8881,1338,127,2.56,3.74
2.9230,-964,-380,17336,-8450,1738,-40,3.18,3.86
2.9374,-756,-656,17328,-7989,1203,-18,2.50,3.88
2.9534,-792,-664,17240,-7315,1339,-47,2.63,3.92
2.9679,-868,-1032,16848,-6574,858,60,2.94,3.91
2.9857,-912,-1228,16668,-5507,164,63,3.12,3.82
3.0001,-756,-1244,16504,-4583,-392,275,2.62,3.67
3.0149,-1220,-1360,16056,-3749,-573,445,4.33,3.57
3.0314,-1200,-1320,15792,-2980,-74,510,4.33,3.53
3.0462,-1528,-1320,15640,-2186,484,555,5.56,3.60
3.0623,-1960,-1660,15888,-1267,650,308,6.99,3.75
3.0791,-1540,-1572,16392,-384,752,-185,5.34,3.84
3.0939,-1076,-1444,16632,26,365,-196,3.69,3.82
3.1085,-1140,-1428,16636,583,245,-252,3.91,3.79
3.1231,-1352,-1448,16848,1191,278,-260,4.57,3.80
3.1402,-1548,-1652,16872,1646,-70,-458,5.22,3.78
3.1563,-664,-1580,16796,1743,-251,-453,2.25,3.63
3.1710,-700,-1656,16236,1914,251,-399,2.46,3.55
3.1877,-1132,-1384,16808,1846,732,-372,3.84,3.58
3.2023,-1144,-1660,17188,1672,1579,-324,3.79,3.70
3.2172,-1016,-1760,16796,1766,2609,-416,3.44,3.92
3.2319,-716,-1540,17052,1847,2478,-568,2.39,4.07
3.2497,-1076,-1360,17580,1388,32,-224,3.49,3.98
3.2644,-1060,-1248,18140,956,-1450,141,3.34,3.74
3.2789,-1804,-1200,18772,264,-114,119,5.48,3.74
3.2958,-2336,-732,18264,-482,-259,-434,7.28,3.78
3.3106,308,-1804,16220,-2024,-6801,-812,-1.08,2.79
3.3251,-776,-1808,15864,-2353,-5283,26,2.78,2.17
3.3394,-1380,-2332,16048,-1458,-1185,-177,4.86,2.10
3.3578,-1552,-1768,16884,-779,2753,-1008,5.22,2.53
3.3724,-728,-1972,17728,-878,1951,-89,2.34,2.68
3.3870,-820,-1700,17580,-1810,-1212,384,2.66,2.49
3.4038,488,-1336,18300,-2775,-2309,622,-1.52,1.98
3.4181,-1740,-2132,18492,-3703,-1043,745,5.34,1.95
3.4330,-2484,-2384,18060,-4862,-793,51,7.76,2.05
3.4513,-1428,-2680,17284,-6157,-1043,-872,4.67,1.95
3.4659,-288,-3244,16776,-6323,-292,-1198,0.97,1.83
3.4806,-200,-3300,16852,-6021,141,-975,0.67,1.75
3.4952,-672,-3088,17196,-6319,1601,-808,2.20,1.88
3.5118,-416,-3184,17148,-7004,2211,-535,1.37,2.07
3.5265,292,-3484,17016,-7839,2255,-409,-0.96,2.14
3.5424,-164,-3372,17156,-8640,3290,-148,0.54,2.40
3.5592,-948,-3808,17096,-9033,2414,42,3.10,2.66
3.5736,-1128,-3952,16488,-9548,445,-124,3.81,2.71
3.5885,72,-4348,16336,-10194,85,-420,-0.24,2.54
3.6030,-212,-5128,14996,-9660,456,-369,0.77,2.46
3.6198,-972,-5160,14676,-8424,420,-339,3.58,2.50
3.6358,-904,-5384,16968,-8292,1236,-352,2.91,2.60
3.6503,-896,-5680,17208,-8884,1547,-256,2.83,2.72
3.6685,-1584,-6144,15704,-9188,-1016,-440,5.37,2.62
3.6834,-848,-6360,14680,-8696,-2433,-650,3.03,2.32
3.6979,-240,-6156,15484,-8111,-937,-688,0.83,2.11
3.7126,-532,-6372,15852,-7957,464,-338,1.78,2.09
3.7290,-956,-7152,14640,-7582,-260,-321,3.36,2.05
3.7448,-1072,-6840,14396,-6980,250,-595,3.85,2.09
3.7597,-292,-7184,15096,-6929,1135,-615,1.00,2.12
3.7764,-256,-7260,14644,-7215,892,-519,0.90,2.12
3.7912,-1060,-7944,13952,-6649,-145,-575,3.78,2.12
3.8059,-704,-8188,14664,-5947,-928,-579,2.40,1.98
3.8205,-292,-8288,15320,-6201,-955,-428,0.96,1.78
3.8370,-496,-8528,14744,-6795,-1957,-624,1.67,1.48
3.8528,8,-8644,13956,-6756,-2265,-1271,-0.03,1.10
3.8676,-140,-9024,14972,-6531,-2653,-1411,0.46,0.73
3.8845,624,-9116,14564,-6476,-1478,-696,-2.08,0.37
3.8993,396,-9140,13692,-6361,-311,20,-1.38,0.21
3.9138,152,-9484,13180,-6452,48,11,-0.54,0.13
3.9285,-56,-9668,13484,-6390,632,-102,0.19,0.15
3.9450,-1336,-9728,13448,-6460,165,-206,4.60,0.28
3.9636,-1120,-10000,12996,-6422,-1042,-744,3.91,0.22
3.9820,812,-10884,13168,-6103,-181,-352,-2.72,0.01
3.9968,776,-11264,13868,-5555,-1157,463,-2.49,-0.27
4.0116,-1120,-10908,12868,-5527,388,204,3.80,-0.12
4.0285,-236,-10520,12220,-4894,1062,387,0.84,-0.00
4.0432,176,-10616,12236,-4689,1875,522,-0.62,0.12
4.0581,-408,-10672,12536,-4501,2342,758,1.42,0.38
4.0763,-276,-11184,12488,-4424,2467,650,0.94,0.66
4.0912,-316,-11128,12164,-4318,2440,737,1.10,0.90
4.1058,-52,-11224,12564,-4605,3119,809,0.18,1.15
4.1204,-1232,-10936,11808,-4745,2848,608,4.38,1.53
4.1370,-948,-11272,10884,-4541,1745,120,3.46,1.77
4.1515,-272,-11440,11396,-4259,1382,155,0.97,1.83
4.1660,-184,-11712,11784,-3970,2071,281,0.63,1.95
4.1843,-996,-11880,11464,-3711,2223,348,3.45,2.25
4.1989,-1308,-12040,11388,-3271,1828,163,4.51,2.49
4.2134,-1472,-11860,10904,-2469,1356,67,5.22,2.70
4.2279,-876,-11848,10988,-1845,1184,5,3.10,2.79
4.2445,-364,-11848,11208,-1493,1920,374,1.28,2.91
4.2591,-604,-11960,11160,-1316,1991,500,2.11,3.04
4.2734,-820,-12232,11012,-1011,1734,512,2.85,3.17
4.2914,-1176,-12352,11008,-518,1216,384,4.07,3.31
4.3062,-864,-12356,10880,-38,856,377,3.00,3.34
4.3206,-796,-12468,10728,441,819,508,2.77,3.35
4.3352,-1324,-12216,10440,937,990,395,4.71,3.47
4.3519,-1376,-12144,10196,1494,565,150,4.96,3.54
4.3665,-1272,-12160,10552,1934,264,8,4.52,3.56
4.3813,-1116,-12336,11208,2287,21,-79,3.83,3.53
4.3958,-1092,-12064,11268,2723,25,16,3.78,3.50
4.4142,-1700,-11724,10948,3592,-143,-28,6.05,3.52
4.4287,-1760,-11692,10796,4455,-348,-135,6.31,3.56
4.4432,-1260,-11460,10532,5433,-555,-133,4.63,3.50
4.4600,-660,-11368,11224,6482,-806,14,2.37,3.30
4.4746,-828,-11152,11748,7271,-149,329,2.93,3.23
4.4891,-1536,-11104,11964,8143,68,378,5.38,3.28
4.5039,-1624,-10832,11972,9103,706,56,5.74,3.41
4.5222,-644,-10444,12172,10735,443,125,2.30,3.38
4.5366,-768,-10304,12208,11821,695,211,2.75,3.38
4.5510,-1400,-9860,12748,12948,572,581,4.96,3.47
4.5679,-1856,-9808,13076,13811,562,512,6.48,3.61
4.5828,-708,-9008,13384,14504,-514,122,2.51,3.47
4.5973,176,-8560,13632,14863,251,113,-0.63,3.29
4.6120,-300,-8244,13928,14969,548,202,1.06,3.22
4.6288,-312,-8368,14024,15154,-13,190,1.09,3.08
4.6446,-564,-7568,14824,15636,-72,223,1.94,2.98
4.6606,-1368,-7012,14444,16115,-679,66,4.87,2.93
4.6775,-1808,-6264,14708,16359,-2050,-344,6.45,2.77
4.6923,-932,-6080,15500,16307,-2104,-613,3.20,2.51
4.7070,-348,-5720,16112,16017,-1446,-536,1.17,2.26
4.7236,-260,-5200,15788,15816,-847,-216,0.90,2.05
4.7384,-564,-4636,15908,15812,-575,-124,1.95,1.94
4.7529,-1140,-4296,16600,15603,-758,44,3.80,1.90
4.7712,-1244,-3812,16632,15331,-691,-110,4.17,1.85
4.7861,-1144,-3708,16464,15115,-1346,-437,3.88,1.74
4.8007,-520,-3228,16284,15151,-1527,-889,1.79,1.54
4.8154,-272,-2800,16948,15191,-864,-1065,0.91,1.38
4.8321,-40,-2076,18136,14582,-1241,-967,0.13,1.14
4.8470,-528,-1536,17800,13614,-3202,-1102,1.69,0.77
4.8615,48,-1764,17504,12779,-4534,-875,-0.16,0.21
4.8761,-664,-1376,17716,11765,-3377,-1196,2.14,-0.11
4.8944,-548,-980,17880,10503,-2148,-1393,1.75,-0.37
4.9090,408,-664,17700,9620,-1385,-1337,-1.32,-0.60
4.9233,212,-420,17648,8868,-440,-976,-0.69,-0.68
4.9399,44,-192,17224,8020,669,-960,-0.15,-0.62
4.9545,-76,32,17580,7410,695,-932,0.25,-0.55
4.9689,52,600,18252,6407,784,-674,-0.16,-0.49
4.9833,152,736,18268,5325,768,-345,-0.48,-0.44
5.0026,-4,668,17600,4334,598,-207,0.01,-0.39
5.0173,-180,840,17648,3617,750,-281,0.58,-0.30
5.0317,188,1092,17504,2970,867,-268,-0.61,-0.26
5.0483,508,1452,17924,2066,1653,-120,-1.62,-0.15
5.0631,580,1336,17640,1441,3376,-5,-1.88,0.10
5.0777,-108,1324,17864,1003,5587,172,0.35,0.67
5.0953,-904,1528,17404,373,5477,139,2.96,1.43
5.1097,-1036,1500,15948,356,3991,195,3.70,1.90
5.1245,-168,1632,16780,74,3163,285,0.57,2.16
5.1404,-220,1600,17188,-728,4106,576,0.73,2.53
5.1570,-1140,1220,17320,-1524,5060,683,3.76,3.16
5.1715,-1308,884,16672,-1629,4580,542,4.48,3.66
5.1863,-516,656,16712,-1340,3746,767,1.77,3.95
5.2004,-676,1164,17560,-1548,4417,980,2.20,4.30
5.2168,-1048,1196,17832,-2817,7545,1223,3.36,5.12
5.2316,-1576,956,15616,-2954,9516,1199,5.75,6.14
5.2461,-2580,536,14412,-2373,9264,947,10.14,7.24
5.2670,-2472,1076,14904,-948,7753,240,9.39,8.46
5.2822,-2952,772,14956,-26,6404,279,11.15,9.24
5.2990,-2996,748,16348,212,5563,95,10.37,9.93
5.3141,-2812,1168,17392,-277,5075,19,9.16,10.42
5.3291,-2212,1316,17692,-1100,6175,316,7.11,10.92
5.3444,-3216,972,17116,-1701,8601,406,10.62,11.83
5.3619,-3940,468,17176,-1484,12061,502,12.91,13.37
5.3772,-4388,352,16004,-879,13997,300,15.33,14.98
5.3925,-3760,664,15632,-428,14241,43,13.51,16.47
5.4112,-4520,140,15488,-283,12194,73,16.27,18.07
5.4268,-6020,620,16512,-728,10797,1,20.02,19.34
5.4443,-6212,924,16604,-1355,11483,-407,20.48,20.81
5.4596,-5996,280,15768,-1312,12842,-579,20.82,22.20
5.4752,-5960,288,14896,-1046,13247,-539,21.80,23.65
5.4925,-6276,504,14708,-708,13801,-443,23.10,25.32
5.5081,-6792,400,14648,-1072,12541,-343,24.87,26.68
5.5235,-6816,696,14576,-1902,12005,-108,25.04,27.91
5.5423,-7404,24,13736,-1845,12525,21,28.33,29.59
5.5579,-8660,-672,13228,-1367,12507,-115,33.18,31.11
5.5754,-9428,-500,14080,-401,11420,-463,33.79,32.63
5.5907,-10136,64,15276,-180,10875,-689,33.57,33.83
5.6060,-10028,320,15204,-594,11202,-1046,33.40,35.02
5.6235,-9716,512,14240,-858,11471,-1086,34.29,36.40
5.6391,-9580,228,13048,-928,10139,-517,36.28,37.50
5.6545,-10180,-456,12304,-339,8882,-44,39.58,38.53
5.6750,-10840,-536,12004,872,9144,-419,42.05,39.98
5.6906,-11368,112,12216,1037,9218,-375,42.94,41.10
5.7079,-11528,96,12284,994,8814,-510,43.18,42.25
5.7235,-10800,-72,12292,969,9613,-519,41.30,43.25
5.7388,-10500,-268,11932,1026,10015,10,41.34,44.24
5.7563,-11156,-104,11556,1553,9514,156,43.99,45.39
5.7730,-11800,400,12068,1318,7875,60,44.34,46.25
5.7883,-12052,-84,11420,933,7243,137,46.54,47.01
5.8068,-12516,-328,11124,1130,6999,313,48.36,47.95
5.8220,-12724,-300,11224,1229,6013,335,48.57,48.59
5.8393,-12668,-92,11048,1067,5621,34,48.91,49.25
5.8545,-11336,-180,10500,1455,7077,-167,47.19,49.90
5.8697,-11836,128,10060,1557,6774,89,49.63,50.58
5.8870,-12704,428,9756,1438,5527,88,52.45,51.29
5.9023,-12388,132,10080,1420,4422,172,50.86,51.71
5.9174,-12732,268,10584,1135,4228,252,50.25,52.06
5.9328,-13940,404,10480,589,3496,61,53.04,52.44
5.9515,-14212,540,9952,111,3486,-678,54.96,52.95
5.9667,-13128,340,9820,-46,3792,-765,53.19,53.33
5.9840,-12588,244,9744,277,2350,-223,52.25,53.51
5.9993,-12076,-200,9972,437,2862,21,50.45,53.65
6.0144,-13268,-132,9672,394,2985,52,53.91,53.93
6.0336,-13580,60,8752,369,2818,-65,57.20,54.39
6.0487,-13152,104,8748,589,1219,-66,56.37,54.55
6.0640,-12920,196,8816,605,20,-9,55.69,54.54
6.0829,-12672,-28,9196,601,-419,21,54.03,54.39
6.0979,-13388,-52,9564,530,-826,-81,54.46,54.25
6.1152,-13960,280,9772,168,-1410,-290,55.00,54.04
6.1305,-13204,96,9920,-74,-1101,-274,53.08,53.82
6.1458,-13428,288,9668,-188,-2298,-134,54.23,53.52
6.1631,-13556,320,9420,-192,-5164,-80,55.19,52.88
6.1782,-13432,112,9672,-93,-8084,-502,54.24,51.99
6.1934,-12132,-516,10616,3,-7514,-499,48.78,50.97
6.2088,-12452,-68,10340,443,-6316,-252,50.29,50.17
6.2275,-13040,124,10384,1410,-9352,66,51.47,48.88
6.2426,-12156,496,10500,2832,-14413,-469,49.15,47.25
6.2599,-11604,276,11140,386,-10467,-480,46.16,45.82
6.2754,-10760,252,11672,164,-9133,-636,42.67,44.60
6.2907,-11156,124,11456,-65,-9849,-47,44.24,43.43
6.3083,-10740,332,12148,-204,-11128,-16,41.47,41.86
6.3239,-10304,180,13304,-496,-7590,287,37.76,40.77
6.3392,-10956,-12,12128,-278,-6298,563,42.09,40.06
6.3569,-11576,48,12216,157,-7971,494,43.46,39.11
6.3736,-11020,188,12456,307,-9961,-42,41.50,37.94
6.3910,-9784,400,13052,312,-10674,-194,36.84,36.48
6.4065,-8820,308,13276,38,-10444,-34,33.59,35.13
6.4217,-9096,184,13668,-188,-10572,87,33.64,33.84
6.4391,-8988,284,13988,-245,-11059,559,32.72,32.33
6.4547,-9168,352,14556,-306,-11275,942,32.20,30.99
6.4702,-8696,164,14408,-439,-12667,903,31.11,29.51
6.4876,-7884,36,14112,-369,-15454,751,29.19,27.48
6.5029,-7052,-44,14336,49,-15235,556,26.19,25.68
6.5185,-6860,-68,14964,670,-13681,454,24.63,24.03
6.5374,-6684,120,15548,963,-13352,518,23.26,22.09
6.5529,-6324,428,16164,814,-12142,495,21.36,20.64
6.5680,-6788,356,16016,601,-9987,405,22.96,19.59
6.5856,-6640,68,15964,863,-9793,234,22.58,18.41
6.6035,-5320,-8,15928,1128,-10711,-15,18.47,16.96
6.6211,-4524,76,15768,1363,-8559,-243,16.01,15.78
6.6367,-4888,128,15828,1489,-9340,-377,17.16,14.73
6.6523,-4596,412,16096,1775,-7504,-496,15.93,13.89
6.6711,-4324,616,16888,1575,-6312,-337,14.35,13.00
6.6878,-3792,512,16932,951,-3559,-352,12.62,12.51
6.7054,-4296,536,16132,579,-4190,-285,14.90,12.03
6.7209,-3912,360,15712,124,-9388,-228,13.98,11.02
6.7361,-2772,368,16308,-28,-9791,-177,9.64,9.84
6.7529,-2644,164,16496,121,-9962,-172,9.11,8.55
6.7679,-1748,356,16744,281,-9158,11,5.96,7.41
6.7825,-2088,248,16260,988,-8709,65,7.32,6.44
6.7991,-2008,216,16020,2040,-9130,89,7.14,5.33
6.8135,-3024,188,16700,2376,-11051,-49,10.26,4.35
6.8285,84,932,18884,1735,-16837,142,-0.25,2.28
6.8446,124,1236,19920,-743,-16097,500,-0.36,0.24
6.8609,-788,168,19932,-1999,-18113,-263,2.26,-1.86
6.8752,256,472,17924,-2101,-19109,-809,-0.82,-3.84
6.8898,204,48,16388,-1676,-18418,50,-0.71,-5.70
6.9043,1216,-188,15616,-654,-14930,-465,-4.45,-7.25
6.9210,2080,264,14864,340,-12983,-231,-7.96,-8.89
6.9357,2048,-152,16468,482,-14271,159,-7.09,-10.37
6.9506,2488,356,18340,-730,-20193,-195,-7.72,-12.48
6.9677,5152,416,18232,-2418,-23059,662,-15.78,-15.52
6.9833,4868,-472,16240,-3202,-19336,898,-16.68,-17.79
7.0000,4720,-492,14064,-1991,-10801,671,-18.54,-19.15
7.0175,4768,-144,14184,-360,-9626,-690,-18.58,-20.38
7.0328,6428,120,15324,100,-12534,-1040,-22.76,-21.89
7.0483,7116,276,15376,252,-15497,-515,-24.83,-23.79
7.0676,6444,416,14832,591,-17161,144,-23.48,-26.21
7.0829,7236,252,14764,998,-17862,-114,-26.11,-28.22
7.1003,8752,52,13916,1780,-13061,26,-32.17,-30.06
7.1158,8696,360,14696,2005,-9383,-275,-30.61,-31.16
7.1311,7928,76,15268,1767,-8763,-610,-27.44,-31.99
7.1486,8796,300,14732,1256,-10116,-691,-30.83,-33.25
7.1655,8440,408,13628,1510,-9378,-617,-31.76,-34.36
7.1830,8432,252,14412,1625,-7454,-1059,-30.33,-35.15
7.1985,9212,192,15472,900,-8623,-1991,-30.77,-35.94
7.2138,11436,236,13396,835,-11013,-1912,-40.48,-37.37
7.2313,11332,1112,12256,1808,-11608,-343,-42.64,-39.07
7.2470,8720,120,12548,1812,-8246,-201,-34.80,-39.85
7.2624,10196,472,13528,1211,-7143,-1147,-36.99,-40.53
7.2800,11100,404,12936,805,-7916,-772,-40.62,-41.55
7.2955,11056,140,12664,279,-9607,-936,-41.12,-42.62
7.3111,12128,300,12160,-8,-11754,-975,-44.92,-44.06
7.3298,12816,356,11764,167,-14322,-1765,-47.44,-46.15
7.3452,14296,1080,11172,742,-14483,-1983,-51.86,-48.02
7.3604,13008,904,10060,1906,-12252,-445,-52.17,-49.56
7.3777,12128,796,11540,1628,-12580,-635,-46.36,-51.02
7.3931,12088,924,11612,1066,-13518,-809,-46.06,-52.33
7.4084,12940,1176,10812,669,-11047,-1460,-49.95,-53.46
7.4258,13160,1288,10764,680,-7412,-2585,-50.52,-54.28
7.4410,13492,1136,8924,633,-8739,-2564,-56.31,-55.32
7.4565,13420,1280,7640,1315,-11062,-1471,-60.00,-56.77
7.4738,15776,712,7836,2308,-14030,249,-63.49,-58.82
7.4890,14360,1068,9476,2539,-14187,1048,-56.41,-60.29
7.5081,13660,1124,9048,1643,-11317,1022,-56.28,-61.69
7.5237,13752,832,8648,712,-9125,490,-57.72,-62.56
7.5390,14900,652,7832,-180,-9168,129,-62.19,-63.56
7.5565,15688,392,6580,-747,-6263,62,-67.21,-64.50
7.5717,16128,664,6812,-885,-5258,280,-67.00,-65.18
7.5872,15552,732,7116,-1218,-5109,314,-65.30,-65.75
7.6049,16072,732,5964,-1176,-5890,745,-69.50,-66.66
7.6202,15944,900,5992,-528,-6023,864,-69.19,-67.43
7.6354,15732,1096,6016,17,-5909,981,-68.76,-68.14
7.6549,15856,1196,6592,169,-3106,656,-67.09,-68.53
7.6717,15724,876,6116,-211,-3614,330,-68.55,-68.96
7.6891,15716,576,5724,-405,-5608,119,-69.89,-69.71
7.7047,15808,464,5500,-437,-7590,38,-70.75,-70.61
7.7199,16748,868,6144,-393,-6798,-95,-69.67,-71.32
7.7377,16028,868,5968,-809,-6645,-315,-69.38,-72.09
7.7530,16060,1116,4544,-765,-4490,-261,-73.76,-72.65
7.7682,16168,1288,4496,-424,-1132,-253,-73.87,-72.82
7.7857,16548,832,4444,-49,-782,-264,-74.72,-72.99
7.8013,16812,768,4188,355,-837,-386,-75.79,-73.19
7.8166,16288,556,4772,333,-631,-288,-73.57,-73.27
7.8341,16040,716,5280,107,-321,-549,-71.62,-73.24
7.8511,16460,912,5100,-105,391,-394,-72.53,-73.15
7.8687,16520,1136,3960,344,999,-164,-76.00,-73.13
7.8843,15912,840,4076,777,217,-5,-75.34,-73.20
7.9044,15532,648,4976,644,-909,-33,-72.10,-73.28
7.9213,16140,632,5184,148,-1085,-267,-72.07,-73.35
7.9366,16720,960,4912,78,838,-329,-73.34,-73.25
7.9544,15736,752,4412,319,581,-239,-74.12,-73.21
7.9697,15788,784,4236,552,738,-486,-74.74,-73.18
7.9873,15976,804,4896,530,1910,-638,-72.75,-72.91
8.0028,16628,944,4708,460,2881,-759,-73.89,-72.63
8.0183,16368,928,4584,589,2590,-340,-74.05,-72.39
8.0374,16508,884,4984,744,3559,-107,-72.95,-71.91
8.0530,16584,824,4804,749,5229,-54,-73.62,-71.39
8.0684,16056,804,5088,850,6289,-52,-72.21,-70.71
8.0875,16068,824,5596,583,6914,-138,-70.61,-69.74
8.1032,15612,820,5912,224,7583,-136,-69.08,-68.85
8.1208,15068,612,5964,-187,7934,-455,-68.30,-67.80
8.1362,15932,616,5908,-277,7724,-531,-69.55,-67.01
8.1518,16240,1224,6124,-154,6599,262,-68.97,-66.34
8.1697,16000,1008,5620,89,7080,542,-70.36,-65.59
8.1850,15584,1044,6328,646,8045,346,-67.63,-64.79
8.2004,15276,900,6828,895,8208,113,-65.73,-63.91
8.2193,14784,872,7680,1059,10897,-20,-62.40,-62.36
8.2350,14400,608,8232,600,10863,-209,-60.18,-61.03
8.2524,14972,736,8096,334,10890,-11,-61.50,-59.67
8.2678,15248,1544,8252,599,9458,262,-61.16,-58.68
8.2835,15700,1152,7580,1195,11558,571,-63.97,-57.59
8.3008,14316,1028,8952,1831,13782,471,-57.81,-55.88
8.3164,12948,600,10260,1823,14404,181,-51.56,-54.07
8.3316,12168,920,10820,501,14696,-241,-48.25,-52.20
8.3492,12408,1112,11120,-258,16326,-1215,-47.99,-49.94
8.3648,12220,868,9788,-361,16918,-1503,-51.20,-48.08
8.3802,12740,700,9820,-379,16897,-1076,-52.30,-46.37
8.3992,12220,1264,11684,-1047,19662,-1668,-46.12,-43.65
8.4146,11676,1108,11732,-430,19011,-2298,-44.74,-41.57
8.4324,12784,1088,11840,716,16099,-1293,-47.08,-39.74
8.4480,11824,1116,12856,555,11529,104,-42.50,-38.57
8.4636,10644,1260,13524,157,9589,646,-38.08,-37.48
8.4814,9924,900,14180,-463,11730,560,-34.93,-35.88
8.4970,9480,880,13540,-375,13490,70,-34.94,-34.33
8.5128,8980,1072,12848,624,14404,-472,-34.86,-32.72
8.5304,8560,720,13580,885,14655,-195,-32.19,-30.84
8.5458,8496,1224,15120,-8,15880,-228,-29.25,-29.02
8.5636,8428,1020,15336,-433,15220,-685,-28.74,-27.06
8.5808,8112,992,15008,-309,15775,-666,-28.34,-25.17
8.5963,6960,784,14660,98,18739,-768,-25.36,-23.09
8.6138,7136,916,14060,1314,17051,-229,-26.86,-21.10
8.6293,6868,1024,15372,971,16878,235,-24.03,-19.36
8.6476,5188,1076,16356,67,16113,181,-17.56,-17.17
8.6642,5340,820,16396,-14,14377,-319,-18.02,-15.51
8.6799,5916,1080,16632,559,14920,-570,-19.54,-14.01
8.6977,5212,1400,16020,641,21476,-13,-17.96,-11.44
8.7135,3224,1104,16328,743,23273,53,-11.14,-8.79
8.7286,860,1084,17372,1688,14819,-290,-2.83,-6.95
8.7456,1812,1556,16432,1924,8430,110,-6.26,-5.93
8.7603,2668,1628,15472,1536,13285,252,-9.73,-4.71
8.7767,884,1188,16676,1824,19147,-283,-3.03,-2.40
8.7935,1748,1216,17496,2049,19281,-133,-5.69,-0.23
8.8082,1328,1160,17136,2505,21122,108,-4.42,1.81
8.8232,-1556,964,17220,3289,18721,54,5.16,3.94
8.8398,-2692,1664,17688,3059,5262,-250,8.62,4.72
8.8549,-568,2376,17920,1514,-1358,72,1.80,4.39
8.8695,500,1744,16964,102,3279,302,-1.68,4.43
8.8842,-1912,752,16492,423,6974,-392,6.61,5.21
8.9009,-1708,1368,16876,1567,4319,-675,5.76,5.69
8.9157,-1568,1844,16696,1792,2696,-589,5.33,5.91
8.9304,-1488,1576,17024,2417,1487,-512,4.97,5.98
8.9471,-1408,1520,17320,2994,206,-892,4.63,5.88
8.9635,-548,2400,17116,2347,-1370,-490,1.82,5.48
8.9781,-1652,2272,16876,1720,-1506,-361,5.54,5.26
8.9950,-1172,1868,16132,2021,-501,-397,4.13,5.08
9.0099,-988,1696,16404,3253,1363,-583,3.43,5.09
9.0244,-1608,1788,16592,4366,1794,-682,5.50,5.24
9.0395,-1788,2160,16492,5290,-1084,-823,6.14,5.09
9.0562,-1348,2488,15952,6592,-2181,-916,4.77,4.74
9.0711,-1224,2712,16740,7917,-1894,-993,4.13,4.44
9.0859,-996,3228,17368,9271,-2621,-1056,3.23,4.05
9.1044,-700,3852,17288,9216,1058,-540,2.26,4.04
9.1189,-1056,3676,16516,9178,1185,-414,3.57,4.08
9.1338,-1304,3988,16112,9755,-30,-349,4.49,4.03
9.1487,-1788,4232,16292,10349,-820,-319,6.06,3.96
9.1666,-1024,4836,16332,10977,-1354,-126,3.44,3.68
9.1814,-684,4868,16428,10871,-412,151,2.29,3.52
9.1960,-712,4968,16344,10930,468,-144,2.39,3.46
9.2150,-856,5532,15940,11579,559,-434,2.90,3.43
9.2299,-1080,6296,15676,11515,466,-269,3.66,3.42
9.2446,-1660,6460,15404,11107,1198,-201,5.68,3.58
9.2612,-1340,6720,15660,10701,806,-46,4.50,3.64
9.2759,-1352,6664,15924,10452,350,-5,4.48,3.65
9.2909,-1680,6516,14708,10748,81,-468,5.96,3.69
9.3078,-392,7212,14496,11639,-704,-975,1.39,3.44
9.3224,364,8048,14452,12059,284,-665,-1.26,3.21
9.3373,-908,8076,14368,12239,1511,-502,3.15,3.31
9.3518,-1508,8340,14776,12027,1498,-630,5.08,3.48
9.3703,-1108,9036,14532,11331,631,-519,3.70,3.49
9.3850,-1092,9508,14212,10865,715,-165,3.65,3.51
9.3999,-1532,9468,13676,10652,682,-142,5.26,3.59
9.4167,-972,9584,13092,10543,342,-89,3.43,3.55
9.4313,-568,9708,12960,10710,197,-112,2.01,3.45
9.4462,116,10072,12496,10986,479,-201,-0.41,3.28
9.4607,-596,10456,12640,10870,652,47,2.08,3.23
9.4774,-1500,10728,12528,10467,610,8,5.20,3.31
9.4921,-2020,11168,12268,10127,87,155,6.94,3.40
9.5071,-1576,11564,12180,9652,-471,505,5.36,3.37
9.5240,-1496,11456,11836,8885,-905,799,5.19,3.26
9.5387,-1528,11324,11396,8480,-632,834,5.43,3.22
9.5537,-1500,11040,11164,8178,431,473,5.46,3.30
9.5720,-900,11536,11180,7836,1130,86,3.21,3.37
9.5867,-724,11888,10936,7754,1327,-8,2.57,3.42
9.6011,-888,12376,11156,7742,1400,-187,3.05,3.49
9.6158,-1160,12568,11032,7574,1293,-204,3.97,3.59
9.6327,-1220,12780,10472,7090,895,536,4.22,3.66
9.6473,-1396,12644,10364,6281,643,589,4.88,3.72
9.6622,-1256,12732,10588,5624,1080,252,4.34,3.80
9.6804,-1252,13092,10372,5166,1357,-183,4.29,3.93
9.6953,-1044,13304,10076,5051,1499,-271,3.58,4.02
9.7100,-896,13456,9732,4855,1165,171,3.09,4.05
9.7246,-828,13516,9556,4765,804,416,2.86,4.03
9.7410,-892,13304,9296,4710,327,594,3.15,3.97
9.7555,-992,12968,9288,4745,385,382,3.56,3.93
9.7717,-1008,13004,8888,4694,778,200,3.66,3.95
9.7895,-988,13192,8740,4500,1064,-165,3.57,4.00
9.8039,-1520,14216,9132,4228,1298,-215,5.14,4.12
9.8185,-1572,14608,9232,4235,1099,-21,5.20,4.22
9.8353,-948,14164,8716,4186,609,257,3.26,4.19
9.8500,-336,13668,8360,4087,58,305,1.20,4.01
9.8644,80,13820,8628,4075,-307,218,-0.28,3.75
9.8861,-1136,14036,8636,4082,-339,267,3.94,3.61
9.9026,-1612,13896,8256,3924,-62,12,5.70,3.61
9.9209,-1536,13920,7880,3593,121,-138,5.49,3.63
9.9357,-1256,14060,8036,3418,144,-147,4.43,3.62
9.9503,-820,13840,8172,3484,186,-318,2.92,3.55
9.9649,-656,13980,7944,3829,429,-899,2.34,3.48
9.9830,-588,14184,7704,3767,885,-1087,2.09,3.47
9.9974,-1276,14044,7348,3320,1343,-611,4.60,3.59
10.0121,-1516,14160,7348,2669,1047,-479,5.43,3.72
10.0292,-1776,14796,7692,1855,406,-207,6.08,3.80
10.0444,-1412,15000,7928,1212,-113,-94,4.76,3.76
10.0594,-936,14968,7648,524,-285,-71,3.19,3.65
10.0765,-628,15016,7484,-140,-98,34,2.14,3.50
10.0915,-1028,15060,7572,-748,-56,322,3.49,3.43
10.1063,-1396,14644,7516,-1464,-577,700,4.85,3.37
10.1251,-1220,14472,7508,-2333,-1152,950,4.28,3.17
10.1402,-976,14164,7336,-3035,-653,1010,3.50,3.05
10.1549,-604,14336,7704,-3488,-690,948,2.13,2.88
10.1720,-324,14448,7816,-3816,-1041,1409,1.13,2.61
10.1884,-928,14200,8044,-4342,-1010,1735,3.25,2.45
10.2032,-1488,13976,8072,-4916,-594,1406,5.27,2.44
10.2205,-1140,13940,8152,-5604,-112,1000,4.04,2.43
10.2355,-500,13764,8316,-6053,-94,1002,1.78,2.33
10.2505,-428,14024,8480,-6557,-508,1514,1.50,2.18
10.2676,-640,13560,8796,-7285,-1547,2196,2.27,1.93
10.2824,-1248,13396,9200,-7861,-2080,2308,4.39,1.74
10.2976,-1164,13144,9520,-8229,-1689,1963,4.10,1.60
10.3125,28,12552,10168,-8093,571,724,-0.10,1.53
10.3297,68,12428,10212,-7930,1952,-62,-0.24,1.64
10.3444,-132,12380,10008,-8182,3317,-505,0.48,1.89
10.3595,-1104,12468,9964,-8910,3100,-375,3.96,2.26
10.3767,-796,13012,10688,-9645,1044,251,2.71,2.35
10.3915,-380,12772,11232,-10188,-572,933,1.28,2.18
10.4080,-452,11888,11656,-10608,-1088,1087,1.56,1.96
10.4250,-140,11256,11628,-11173,-722,802,0.50,1.75
10.4401,-228,11240,11488,-11332,471,41,0.81,1.70
10.4551,24,11380,11828,-11069,1284,-742,-0.08,1.71
10.4724,-124,11236,12368,-10958,-41,-276,0.43,1.58
10.4876,-320,10784,12608,-10804,-893,186,1.10,1.40
10.5025,0,10444,12844,-10655,-123,226,-0.00,1.27
10.5160,-72,9932,13052,-10737,1046,196,0.25,1.27
10.5354,-136,9428,12588,-10985,-16,181,0.50,1.16
10.5508,232,9808,13148,-11283,-285,775,-0.81,0.98
10.5680,-76,9656,14268,-11389,-1169,1080,0.25,0.73
10.5830,-140,8556,14460,-11209,-577,879,0.48,0.59
10.5983,-136,8208,14728,-10389,-507,633,0.46,0.46
10.6169,-16,8280,14748,-10170,-1568,919,0.05,0.15
10.6320,-132,7960,14552,-10959,-2560,1494,0.46,-0.18
10.6474,-40,7468,14372,-11570,-2654,1911,0.14,-0.53
10.6662,-388,6892,15152,-11368,-831,1507,1.34,-0.65
10.6812,100,6680,15556,-10722,1151,1061,-0.34,-0.57
10.6965,412,6532,16312,-9721,1749,780,-1.34,-0.47
10.7135,700,5820,16136,-9023,1285,820,-2.34,-0.46
10.7284,236,5652,15860,-8447,-345,908,-0.80,-0.58
10.7434,212,5944,16444,-8547,-2548,1136,-0.69,-0.92
10.7609,12,5480,16196,-9497,-305,1651,-0.04,-1.00
10.7759,-312,4728,15928,-9543,2312,1285,1.08,-0.72
10.7911,524,3936,15820,-8321,3243,794,-1.84,-0.47
10.8082,868,4056,16796,-6816,2229,587,-2.88,-0.37
10.8232,324,4284,17120,-6698,3918,498,-1.05,-0.03
10.8385,-552,4520,17048,-7667,2384,616,1.79,0.25
10.8572,-888,3728,16160,-9372,-1165,1045,3.06,0.13
10.8723,-96,3060,16584,-9629,-3489,1132,0.33,-0.31
10.8874,624,2684,16652,-9387,-1457,1087,-2.12,-0.61
10.9046,-12,2368,16560,-8693,1927,820,0.04,-0.42
10.9199,-152,2424,16236,-8161,1697,782,0.53,-0.25
10.9348,-316,2260,16184,-8092,-729,787,1.11,-0.34
10.9524,472,1584,16840,-7558,-1339,645,-1.60,-0.63
10.9673,512,1348,17548,-7402,1313,423,-1.67,-0.59
10.9824,880,892,17368,-7351,2791,182,-2.90,-0.44
10.9992,28,992,16396,-6504,1618,-67,-0.10,-0.30
11.0142,-176,964,16484,-5210,-1813,167,0.61,-0.53
11.0291,-436,948,17228,-3872,-4368,646,1.45,-0.98
11.0440,596,624,17172,-3028,-4652,453,-1.99,-1.59
11.0609,1768,600,16356,-2310,-617,356,-6.17,-1.93
11.0771,936,700,16432,-1507,2956,369,-3.26,-1.70
11.0918,56,532,16988,-887,2215,151,-0.19,-1.47
11.1087,1292,540,16992,-518,1996,218,-4.35,-1.41
11.1238,1032,248,16532,-415,5874,170,-3.57,-0.92
11.1387,516,-36,16616,-356,9044,-17,-1.78,-0.04
11.1573,-704,536,17888,15,9160,-86,2.25,1.22
11.1722,-848,300,17052,522,8592,73,2.85,2.16
11.1870,-904,24,16652,1272,10091,63,3.11,3.22
11.2040,-720,-456,16756,1558,12653,-308,2.46,4.69
11.2186,-1136,40,16552,1062,16502,-769,3.93,6.35
11.2337,-2208,48,17420,138,21018,-987,7.22,8.64
11.2487,-3224,140,17524,-861,22307,-1054,10.42,11.09
11.2666,-3772,-4,16740,-1365,21143,-1011,12.70,13.84
11.2826,-4524,192,16744,-1839,19920,-1224,15.12,16.15
11.3020,-5448,340,16340,-2061,16269,-989,18.44,18.46
11.3180,-6888,-332,16472,-2082,12715,-867,22.69,20.04
11.3360,-5644,-744,13544,-1423,9984,-973,22.59,21.38
11.3516,-6272,-496,13600,-264,8564,-882,24.74,22.42
11.3676,-6568,-456,13868,909,7743,-809,25.33,23.38
11.3857,-6452,-364,14756,1773,9638,-663,23.61,24.58
11.4013,-6716,-112,15656,1879,13242,-889,23.22,25.96
11.4192,-7300,-32,15928,1346,15461,-1014,24.62,27.84
11.4348,-7564,108,15620,980,14912,-1043,25.84,29.38
11.4508,-7712,392,15684,422,13769,-870,26.18,30.78
11.4687,-8708,192,14996,-362,14533,-698,30.14,32.56
11.4846,-9176,304,13836,-1021,16395,-810,33.55,34.43
11.5006,-9852,-44,12104,-784,14945,-482,39.14,36.29
11.5180,-9328,-272,12292,-548,13005,217,37.19,37.89
11.5339,-10124,-388,12776,-665,14696,562,38.38,39.54
11.5535,-10744,-216,11748,-1082,14192,-42,42.44,41.59
11.5691,-11616,-692,10840,-892,10713,-24,46.92,42.96
11.5870,-11408,-300,11552,-434,9926,107,44.63,44.24
11.6030,-12156,-676,11664,-189,10984,-178,46.14,45.52
11.6185,-12352,-824,10652,174,10146,-469,49.14,46.75
11.6365,-12796,-356,11112,308,8218,-685,49.01,47.84
11.6524,-11388,-180,11680,-134,9286,-1080,44.27,48.69
11.6720,-12024,-668,11880,-1052,11725,-1403,45.30,50.12
11.6874,-13112,-688,9680,-1174,8952,-1427,53.49,51.19
11.7034,-13340,-576,8664,-875,6792,-1268,56.94,52.15
11.7213,-12312,-768,9504,-499,8389,-1096,52.24,53.16
11.7373,-13304,-892,9748,-624,8891,-1032,53.66,54.14
11.7552,-14460,-868,8740,-383,7752,-1220,58.73,55.26
11.7709,-12792,-1180,9212,305,9162,-1116,54.02,56.19
11.7882,-12804,-1068,9468,617,11368,-627,53.35,57.41
11.8061,-13916,-1232,7844,779,9992,-443,60.29,58.75
11.8221,-13868,-744,7768,1104,10327,119,60.63,59.96
11.8421,-14644,-1064,7588,1546,10832,102,62.38,61.55
11.8580,-16316,-924,5972,1897,8029,-152,69.68,62.75
11.8759,-15540,-600,6920,2056,4564,-1007,65.92,63.40
11.8917,-13504,-560,7680,1456,3855,-1065,60.31,63.64
11.9077,-13716,-340,7752,530,3957,-937,60.50,63.89
11.9255,-13556,-696,7416,-254,5428,-427,61.21,64.39
11.9412,-14224,-792,6624,-266,6584,-264,64.87,65.09
11.9591,-15144,-864,6288,59,7213,0,67.26,66.04
11.9749,-15808,-1380,5792,536,6602,66,69.36,66.86
11.9909,-15324,-1044,5808,860,4863,292,68.94,67.44
12.0089,-15384,-700,5864,592,2478,393,69.00,67.75
12.0261,-14304,-664,7184,74,4652,209,63.23,68.06
12.0441,-14248,-848,5640,-188,5101,327,68.18,68.64
12.0599,-14708,-1092,4820,-140,4255,799,71.43,69.18
12.0759,-15608,-744,5076,128,3773,1236,71.80,69.65
12.0938,-15700,-704,5152,2,3568,1036,71.68,70.12
12.1096,-15232,-712,5308,-351,3344,936,70.63,70.45
12.1276,-14812,-672,5220,-249,3939,311,70.44,70.88
12.1436,-15288,-496,5212,-549,5060,-99,71.10,71.41
12.1594,-16236,-688,3832,-201,2142,-174,76.52,71.80
12.1790,-15108,-848,5140,-446,2540,-159,70.97,72.04
12.1950,-15596,-1136,4104,-417,1485,-171,74.73,72.26
12.2130,-15256,-860,4420,-42,285,-257,73.56,72.27
12.2287,-15124,-1008,4836,218,441,-54,71.91,72.23
12.2447,-15156,-960,4372,519,-813,91,73.55,72.12
12.2627,-14788,-892,4904,652,-1075,326,71.37,71.87
12.2802,-15776,-808,4608,749,-2596,402,73.48,71.53
12.2982,-15288,-916,4612,881,-4559,319,72.90,70.91
12.3141,-15132,-944,4640,1172,-5336,271,72.62,70.30
12.3322,-14788,-1060,4988,1772,-6358,197,70.97,69.41
12.3480,-14844,-1080,6048,2049,-5372,653,67.52,68.64
12.3638,-14900,-440,6364,1725,-4995,1301,66.82,67.92
12.3818,-15388,-220,5408,1483,-5255,852,70.62,67.27
12.3976,-14636,-188,5568,1537,-6901,198,69.16,66.49
12.4155,-13968,-88,5744,1101,-10456,297,67.64,65.11
12.4310,-14560,-44,6656,883,-12065,778,65.43,63.69
12.4469,-14052,-184,8224,776,-9595,931,59.66,62.35
12.4646,-14560,-192,7904,600,-7297,959,61.50,61.30
12.4803,-15080,-488,6852,1238,-7721,443,65.51,60.53
12.4961,-15064,-412,7056,1868,-9445,169,64.86,59.57
12.5138,-13452,-52,8868,1776,-9423,104,56.61,58.16
12.5310,-13136,128,8384,895,-12235,87,57.45,56.53
12.5487,-12764,-196,9136,286,-12309,25,54.40,54.79
12.5642,-13600,-148,9872,313,-9205,173,54.02,53.66
12.5798,-14040,-456,9700,877,-7958,123,55.33,52.77
12.5975,-13628,-220,9264,1337,-10165,19,55.79,51.52
12.6132,-11956,-92,9772,1721,-11679,-140,50.74,50.10
12.6287,-12528,20,10604,1558,-12773,-95,49.75,48.58
12.6479,-13164,44,11268,1304,-14023,-552,49.44,46.59
12.6639,-13952,96,10348,1129,-17790,-1495,53.44,44.76
12.6815,-11588,-428,10784,1412,-19642,-2307,47.04,42.28
12.6974,-9028,-480,11944,1718,-21184,-2117,37.06,39.56
12.7153,-8768,-232,12688,1983,-20563,-1089,34.64,36.61
12.7310,-8824,208,15656,1231,-15808,-910,29.40,34.45
12.7470,-9004,156,14144,103,-15111,-493,32.48,32.55
12.7651,-10172,-48,13976,-284,-17306,-727,36.05,30.36
12.7822,-7424,-424,14064,-316,-14531,-1338,27.82,28.39
12.8004,-6576,-676,14044,614,-12231,-790,25.07,26.57
12.8161,-6656,-600,14820,1292,-8981,-329,24.17,25.39
12.8321,-7712,-352,14968,1610,-8594,-280,27.25,24.42
12.8499,-7836,-208,14364,1922,-13518,-565,28.61,22.80
12.8656,-6224,156,15512,2168,-13774,-555,21.86,21.14
12.8836,-5068,228,16496,1918,-12329,-156,17.08,19.30
12.8993,-5636,260,16568,1437,-13932,26,18.78,17.64
12.9153,-5388,248,16440,899,-15827,-204,18.14,15.77
12.9332,-3728,-88,16732,647,-13760,-162,12.56,13.79
12.9489,-3844,-348,15672,1139,-12751,-21,13.78,12.29
12.9648,-5140,-64,15072,2099,-18500,-479,18.83,10.38
12.9827,-4508,320,15840,2724,-25626,-974,15.88,7.23
12.9980,-1100,480,19512,1783,-22818,-890,3.23,4.48
13.0130,2436,400,17896,-968,-9673,214,-7.75,2.88
13.0300,-76,20,16244,-1358,-4422,1034,0.27,2.18
13.0462,-2252,140,15836,-450,-6933,961,8.09,1.57
13.0633,-1956,148,16396,741,-12125,549,6.80,0.25
13.0785,-668,364,17956,1374,-14117,553,2.13,-1.27
13.0932,-180,380,19080,554,-12690,368,0.54,-2.58
13.1082,2004,492,17908,-1113,-8536,402,-6.38,-3.70
13.1253,2620,168,15224,-1837,-1054,1073,-9.76,-4.11
13.1405,320,-580,14480,-552,3382,1074,-1.26,-3.64
13.1552,-1196,-244,15896,690,2479,350,4.30,-3.07
13.1745,152,44,16420,1345,-3923,-95,-0.53,-3.54
13.1896,1056,192,17476,1242,-5072,-15,-3.46,-4.12
13.2083,1148,136,17628,743,-2241,24,-3.73,-4.43
13.2235,2100,-24,16420,592,2145,-246,-7.29,-4.33
13.2384,1552,16,15132,1162,5323,-481,-5.86,-3.84
13.2556,348,292,16088,2211,3188,-633,-1.24,-3.35
13.2703,116,496,16872,3227,-651,-671,-0.39,-3.32
13.2853,564,624,17596,4105,-3519,-700,-1.83,-3.66
13.3000,1536,1152,17624,4062,-3975,-613,-4.97,-4.16
13.3185,2128,728,16124,4197,-2713,-642,-7.51,-4.69
13.3334,2640,828,16248,3954,2441,-951,-9.22,-4.63
13.3487,2348,896,16556,4038,5952,-818,-8.06,-4.13
13.3658,1172,712,15924,4873,5042,-741,-4.21,-3.53
13.3807,168,1372,15788,5716,4693,-415,-0.61,-2.92
13.3959,-328,1748,15688,5769,-19,39,1.19,-2.78
13.4130,-1240,1636,16076,5640,-5785,122,4.39,-3.23
13.4279,1824,1232,14292,6619,-3501,-64,-7.25,-3.79
13.4431,1848,1856,16652,6857,759,-784,-6.29,-3.83
13.4604,3568,2420,16284,7142,4335,-648,-12.23,-3.66
13.4762,3072,3136,16884,7550,2662,803,-10.14,-3.64
13.4916,1464,3216,17160,7482,715,1697,-4.79,-3.64
13.5088,-124,3212,17172,7385,-646,1504,0.41,-3.59
13.5238,192,3680,17672,7363,-1631,1372,-0.61,-3.67
13.5391,-508,3976,18684,6308,-1386,1161,1.52,-3.64
13.5562,-1040,3996,17976,4615,-2147,558,3.23,-3.64
13.5714,-344,3236,16440,3972,-1399,-458,1.18,-3.62
13.5863,836,3408,16228,4065,2661,-1462,-2.89,-3.31
13.6048,592,3668,16056,3943,5279,-1686,-2.06,-2.57
13.6201,320,3800,14652,4727,3340,-1617,-1.21,-2.15
13.6349,1544,4080,14360,6992,-149,-1323,-5.90,-2.34
13.6526,3708,4604,17100,8428,-2653,36,-11.83,-3.10
13.6680,-1308,4408,22404,1934,3471,9,3.28,-2.46
13.6848,2816,5220,14420,4520,-2813,598,-10.40,-3.16
13.7025,644,4756,17016,4744,-448,883,-2.09,-3.20
13.7173,576,4668,14520,5335,907,170,-2.16,-3.08
13.7325,988,5148,15652,5880,2108,-235,-3.43,-2.88
13.7494,1828,5948,17060,6398,1364,42,-5.78,-2.86
13.7647,2348,6312,16528,7474,-45,667,-7.56,-3.09
13.7809,2568,6372,15860,7812,-1749,1473,-8.54,-3.55
13.7976,1672,6332,15164,7988,-2537,2185,-5.81,-3.99
13.8129,664,6432,14884,8724,-477,1604,-2.35,-4.00
13.8277,924,6816,15084,9315,746,1114,-3.20,-3.92
13.8448,1284,7024,15248,8902,791,1100,-4.37,-3.87
13.8600,492,7224,14076,8647,-338,1213,-1.78,-3.85
13.8753,-996,7444,14708,9254,2084,525,3.46,-3.34
13.8939,-1104,7968,14888,9199,2366,-780,3.74,-2.75
13.9089,400,8176,15052,9393,1618,-1330,-1.34,-2.54
13.9241,1924,8396,15200,9472,2051,-1104,-6.32,-2.49
13.9414,2196,8932,15092,8822,1683,-476,-7.14,-2.49
13.9564,1356,9028,14636,8053,594,76,-4.51,-2.54
13.9717,776,8520,13684,7750,1499,-194,-2.76,-2.40
13.9888,548,8408,13024,8013,2100,-414,-2.02,-2.15
14.0040,1048,9128,13448,8403,2118,-411,-3.69,-2.01
14.0190,1644,10020,13912,8220,1110,41,-5.48,-2.06
14.0363,1952,10224,13180,7759,-528,767,-6.67,-2.35
14.0516,860,9740,12748,7646,-9,940,-3.07,-2.41
14.0664,96,9856,12104,8417,1987,219,-0.35,-2.14
14.0838,1012,10808,13848,8530,2292,-128,-3.30,-1.94
14.0987,1596,11140,14216,6893,-693,960,-5.05,-2.17
14.1141,224,10736,12836,5889,-1351,1641,-0.77,-2.30
14.1312,-1000,9844,11988,5858,570,582,3.69,-2.02
14.1462,-116,10424,12412,5816,2125,-434,0.41,-1.71
14.1615,1212,11368,13024,5410,3144,-591,-4.01,-1.48
14.1768,1032,11620,12972,4202,1955,53,-3.39,-1.37
14.1951,916,11344,11840,3230,-1462,682,-3.20,-1.68
14.2102,720,11512,10084,3566,-2316,748,-2.69,-2.01
14.2288,648,11608,10368,4805,807,270,-2.38,-1.95
14.2436,1192,11940,11332,5144,1435,130,-4.14,-1.92
14.2588,1000,11532,11960,4560,-382,580,-3.44,-2.06
14.2759,640,11448,11404,3823,60,383,-2.27,-2.10
14.2907,764,11852,10560,3537,563,-67,-2.76,-2.10
14.3054,600,12108,9976,3805,-415,-174,-2.19,-2.18
14.3204,572,11964,9908,4651,-1506,-83,-2.11,-2.38
14.3374,888,11788,10096,5395,-2432,-114,-3.27,-2.76
14.3521,808,12060,10060,5863,-1326,-545,-2.95,-2.94
14.3671,600,12176,10028,6323,-772,-905,-2.18,-3.03
14.3840,420,12372,10368,6260,-418,-1205,-1.49,-3.06
14.3988,1100,12360,10476,6497,-434,-1420,-3.88,-3.17
14.4138,2252,13096,11136,6893,473,-1501,-7.46,-3.33
14.4310,3172,13612,12408,6370,11,-287,-9.77,-3.64
14.4463,2264,13352,12700,4941,-1141,943,-7.00,-3.94
14.4635,688,12700,12068,3044,-661,1077,-2.25,-4.00
14.4820,20,12772,10656,2032,1537,261,-0.07,-3.68
14.4972,-96,13348,9908,1494,2906,-363,0.33,-3.23
14.5121,-232,13532,9396,1530,2538,-466,0.81,-2.82
14.5292,-92,13376,9404,1589,914,-660,0.32,-2.61
14.5441,332,13168,9048,1174,-478,-723,-1.19,-2.64
14.5591,868,13396,8404,913,426,-862,-3.14,-2.64
14.5759,880,13812,8400,1150,1610,-952,-3.12,-2.50
14.5907,1044,13772,9416,1169,571,-585,-3.58,-2.52
14.6059,948,13412,10408,347,8,-97,-3.20,-2.58
14.6207,316,13116,10488,-1089,208,-172,-1.08,-2.52
14.6377,508,13444,10012,-2282,765,-286,-1.74,-2.43
14.6524,496,13624,9680,-3243,-37,-146,-1.70,-2.44
14.6710,920,13256,9088,-3848,-1490,253,-3.28,-2.71
14.6861,1132,13200,8876,-3880,-1678,487,-4.07,-2.99
14.7010,760,13020,9060,-3723,-422,279,-2.74,-3.06
14.7159,632,12792,10128,-3917,1873,-250,-2.22,-2.85
14.7327,1244,13052,11456,-5419,1850,-635,-4.10,-2.71
14.7479,2296,13512,11148,-6541,-876,446,-7.47,-3.04
14.7645,2048,13420,10892,-6539,-2461,1413,-6.76,-3.53
14.7814,1564,12808,12164,-7228,-1275,1991,-5.06,-3.79
14.7966,-144,12304,12752,-8570,1886,1375,0.47,-3.44
14.8125,184,12440,13408,-9861,5285,59,-0.58,-2.75
14.8292,680,12540,13712,-11871,4154,-115,-2.10,-2.25
14.8443,264,11576,13252,-13309,2254,543,-0.86,-1.98
14.8594,-140,10464,12216,-14158,1579,344,0.50,-1.74
14.8766,932,10428,11528,-14529,1942,80,-3.43,-1.60
14.8918,1348,10400,11196,-14490,3142,301,-5.04,-1.43
14.9068,348,10284,10860,-13895,5369,-341,-1.33,-0.87
14.9243,432,9332,11676,-12568,5753,-1082,-1.66,-0.21
14.9392,1060,8824,12116,-11749,3511,-766,-4.05,-0.02
14.9545,616,8680,12292,-11000,586,80,-2.34,-0.09
14.9717,4,8676,12652,-9865,793,484,-0.01,-0.03
14.9871,-1476,8008,13764,-9223,4251,-724,5.30,0.63
